0.0004045507117827042,0.00031703987973492453,0.00026880888037011214,0.00015774614041906004,0.00022785445335563506,0.00010338589687470169,9208373302384313e-20,7644534934539452e-20,27242232583711833e-21,6944063461268913e-20,2190853119587298e-20,0.00020588066182652582,0.00014546378657974315,0.00012828092309423688,0.00056062345442172,0.001169271889550957,0.0013206537865371945,0.0015707861581553417,0.002227603861184487,0.003685525671729171,0.004488929239364144,0.004078544633372904,0.0038261302635400458,0.003475427815849138,0.003074021454231734,0.0022895525587576923,0.002014675311472692,0.0029319263952628668,0.0030992019966195818,0.0036336915496106865,0.0035578123053546505,0.0036196105305132125,0.003973215486292984,0.006116166508455967,0.00726368349166069,0.007301246787725656,0.007279220553735829,0.00790389399738127,0.009747842130288691,0.012127329214742544,0.012974068028380161,0.011681976192682058,0.009937567180986612,0.008601732618305047,0.008252248674186644,0.00880857434474268,0.010894635518800742,0.012718595892050925,0.013200884113742586,0.012898336886832878,0.012141798938183596,0.012265050554302862,0.013302642141140226,0.014622161120864086,0.015443824736062883,0.015617761664801518,0.01604421937917236,0.01675567578529635,0.017139006622132958,0.015215905412734789,0.013199420698287726,0.012138728604179716,0.010677303581624813,0.009941120733210553,0.010393368546169245,0.011342460661340342,0.012985886256797046,0.014154873520187208,0.014546126858410125,0.013876150074858064,0.01415681374555783,0.01552767547137773,0.01598145666783567,0.014118587032819036,0.01242036849338275,0.012303973598427123,0.014724335753627487,0.017585168053396345,0.016882639596860604,0.013777120937998367,0.010289653277797645,0.008099250185060004,0.008277160162431518,0.009472805844084293,0.010984530879451502,0.012371316644770059,0.01204731660928845,0.00930216432253028,0.00734833143919119,0.006336064541977562,0.005813918626057565,0.0053014278751128685,0.005286286896921243,0.004824434710565138,0.003935171634378621,0.0033660174639064287,0.0037172958178242387,0.0038267224529610795,0.0034576074352425296,0.0029700197166758566,0.0029250575914458194,0.0027068581367635154,0.0025830004175381453,0.0027057622338424086,0.0026898763640799818,0.0028866459999625426,0.002928624171546556,0.0029570300643720574,0.0031986758106439493,0.003425005810126084,0.004008040788649124,0.004536765852136725,0.005185599978546337,0.005985263943865694,0.007363714051922074,0.009022533320748129,0.010032474293206577,0.010648358443756261,0.010871999355100978,0.01051877584122054,0.01050536896586227,0.009988579955684569,0.0093528822556355,0.00814448561985486,0.006439545183159252,0.005687015417807694,0.005467155034429997,0.0053071711424038945,0.004710425729392922,0.004263056992795619,0.0046131875536531,0.005891721813909918,0.007216204457730109,0.008451520936253303,0.009169029266368136,0.009583716346642726,0.009042803219964698,0.007509659218118439,0.0052843031798296015,0.0035154946080007883,0.002502657527557301,0.001833143343558052,0.0017510633656042235,0.0016761787716252727,0.0019190948375009302,0.0024325497934470546,0.002895425552817274,0.0031164960170431107,0.0031281188044759312,0.0027150268659544828,0.0019947491781368157,0.0010909869884985028,0.0005641081514579588,0.00028038128429606457,8473297939629582e-20,5802852186876984e-20,35408528176529054e-21,40640202030796224e-21,26342238122259303e-21,26911851550440856e-21,20005023035996764e-21,29277723462841197e-21,28925683608472335e-21,50380620292909365e-21,38126737081836003e-21,4099808994955343e-20,3479690327375103e-20,6915881947569839e-20,4153356080362357e-20,26578040675497972e-21,8654900644268773e-21,21502170710173057e-21,22748032559711966e-21,5500918741567409e-20,0.00010112738444625566,0.00017082657258983403,0.00023309349966266378,0.00030793822097516303,0.00034452423434348073,0.0004042276067723963
4025376889559056e-20,1418278348813217e-20,21200127964850718e-21,23961967143053597e-21,2397381769186646e-20,3899347242521164e-20,5168188314615687e-20,8158251476421898e-21,3920052336468046e-20,16203635975385623e-21,7739489865752483e-20,0.00021106976147480734,0.00035558668860107137,0.00044733786853811335,0.0003377631150491847,0.0004287312056821173,0.0014131711269468924,0.0015932770495624203,0.0017575281680581544,0.0019408974966310052,0.0025656636575932096,0.0032956457141892228,0.0032093609710875663,0.003093841040272569,0.0035592777863948364,0.003545717418294344,0.0030901309974726426,0.0020791447239533996,0.002597711675381925,0.003935209816293598,0.005729119544484232,0.006605828097757896,0.005755565790037886,0.003974388618023566,0.0035505724577015252,0.0055572557511243525,0.00939948848260962,0.013114629099643213,0.015216898189363318,0.014367636353339304,0.011561231002116803,0.010406790980833977,0.009776947638950154,0.009236136169067405,0.008619340432146426,0.008318399039702974,0.008783994227262793,0.009667137416563736,0.011079724530984743,0.012660482453314104,0.013552206752101075,0.014159795292541463,0.014400222163718899,0.014633707503213767,0.014948104918850652,0.014936244212658954,0.014265550517691915,0.014166135983242243,0.014341358469193075,0.0147391878096207,0.014510421053272658,0.013644511585938907,0.01379469679313975,0.014233372756422013,0.012974772007066093,0.012255255237173163,0.012656155050133636,0.014138174091628784,0.016141933296535335,0.016143543882253534,0.012607624685300781,0.00902506003659308,0.007932431781482221,0.010316291704007868,0.015180715195213242,0.01957420826892361,0.020877467340963147,0.01877684301267641,0.0144080343613852,0.012285878211012862,0.012727064729970993,0.011566373315047299,0.009643650693465872,0.009436846983866667,0.009357041190357265,0.008891464479102367,0.008184043888506222,0.007750325167715421,0.006892920383263445,0.005858328758484683,0.004953825164888556,0.0039381059303969295,0.0030492503195515925,0.002887909032762694,0.0030343327876131898,0.003391988756812095,0.0033168100247519565,0.0034258666377008137,0.003313348689213528,0.003035636772749579,0.002897539719632039,0.0026845068793408004,0.0026086581910919953,0.0024721547962895003,0.002509515381179622,0.0024812527009469834,0.00253910747475437,0.002598828186934655,0.0028103550934235042,0.0031736874548585394,0.003646586895474706,0.004274619260931812,0.005050970722821838,0.00575411152469288,0.006438456998334994,0.007024980487507007,0.007962743311966567,0.008651958791745244,0.009224008273546441,0.009567214876930063,0.009381538767905104,0.009023499238318345,0.008812942268706986,0.00842142875552493,0.008440182982576178,0.008109599668735047,0.007775417936754427,0.007545844518424392,0.007964862966755153,0.008864749010918006,0.009384444374077114,0.009374353539058978,0.008960216767433932,0.008230640131851699,0.0072011391386791,0.005277456853719645,0.0031374479175550717,0.0018499713391541054,0.0014171696377651064,0.0014291417675305288,0.0017327108444353575,0.002190622676981926,0.002619260953417521,0.0031146667649566925,0.0034985528965395187,0.0037405099215389657,0.0035850805926402572,0.0029271829043516343,0.002003480077841145,0.0009819650899217534,0.0006756510782841157,0.0004208446902074206,0.00042107590275567856,0.00027334039626191397,0.0001700774432540145,0.0001221447774496671,7911683107345921e-21,5393545941663695e-20,25529375034059854e-21,3922446782676414e-20,9899764796136941e-21,2425842973497261e-20,7695706442666382e-21,2296114012945436e-20,7281945484665812e-21,5558919141249095e-20,2471062707827847e-20,1332576894048906e-20,17056013686646306e-21,1404596267022881e-20,16774738694332014e-21,980282125954872e-20,294188387473651e-19,5152394099300002e-20,6796021535735935e-21,25006053427377435e-21,10614895967972149e-21,25645713893401272e-21,13766404312887372e-21,3312231387424089e-20
0.000181073589106109,0.0003896782773920872,0.0004983021548991324,0.0006461592025228671,0.0008307814943490432,0.0016920570771854428,0.0018959230321710003,0.0016850502325901865,0.001622959577502791,0.0013452193124728407,0.0012460704340249784,0.0011433588858297905,0.0010452010098541385,0.0012504063109092264,0.0014582418911801885,0.0012379963241024397,0.001189434387877524,0.0014034786187188913,0.0023010283147473524,0.0035181122768897133,0.0037818626772913606,0.0032940018774644127,0.0027764870510035827,0.0015831265603659464,0.0017116064702509394,0.0015488975007326546,0.00224125096214274,0.003997235609050901,0.005211391326992949,0.004692819587343134,0.0042793446961684346,0.00500298258004486,0.007907983382412578,0.010288760416087577,0.011853812835610121,0.011724583864765189,0.010327923465816922,0.009250271886773506,0.00783868502375089,0.008157480093813412,0.009702198468589484,0.01111153625691861,0.011442594763684349,0.011418117156164415,0.01168758190985535,0.011625360846476456,0.012221021006250651,0.012257060928352095,0.012056056268143916,0.012059689555732,0.012250527908945619,0.012250798950799481,0.012334062038975864,0.011782361509220783,0.011090186087847346,0.011147583673725188,0.011980450073881882,0.013524958966860083,0.014219630053097804,0.01375823922924318,0.012440222170924374,0.01148007045501803,0.01112661810063923,0.011169287923246564,0.012081744053118626,0.014564256424128622,0.015727821048035905,0.013111235810604667,0.011459074751557868,0.011848944017060787,0.013688222064796791,0.01574868326494486,0.015051909176393468,0.01263019603515385,0.00989636137404542,0.006908723255102304,0.0057565153982072625,0.006241763439566255,0.008177331545005375,0.010636564962762326,0.010592111404910464,0.009176626779469602,0.009368091169171089,0.009985160561168391,0.00984741373170003,0.009302422523195183,0.007866239462245421,0.005984851028864634,0.0046617303564043325,0.004493787975447386,0.004623930340161055,0.004221832139887883,0.003671301447083102,0.0034001554997082563,0.003164432601302912,0.0028857394280499735,0.0027308417662853337,0.0027548655082168835,0.003059360087971636,0.00336471224805649,0.0040288861067678166,0.00473682749917856,0.005504993656096245,0.0062756142309592765,0.006824872339289215,0.007063840130203885,0.006825253224227143,0.006905319674108273,0.006511220122428886,0.00580943281636716,0.004470004733961304,0.00391120493288328,0.0038706169711766594,0.004097350178397166,0.004792269812224404,0.005423190979368566,0.006219191457819715,0.006480345072997354,0.00636267230340187,0.0055289352217618715,0.004648808418729896,0.004062055137970207,0.0037318316537420042,0.00400385938738929,0.004445412344594947,0.0054597502318886595,0.006650688506028081,0.008280053940470303,0.009732799425058577,0.01048758502266171,0.010811579076183554,0.010112936777269476,0.008838854445997654,0.007866828970571551,0.006838238427662919,0.005998328253778556,0.004562672396513051,0.002999776580945928,0.0019464834437161107,0.0017246683301391764,0.0016084354594414812,0.0014622926158105167,0.0014948470840829365,0.0014377436117499656,0.001221182076326226,0.0008553248071744898,0.0007537673679879962,0.0007779987050288449,0.0007086511140213872,0.0005080801271892556,0.0002523495673296146,9031504042474949e-20,22209485612447237e-21,25401727836208074e-21,11602472213683446e-21,2449338211220813e-20,10425206748831823e-21,2086174326925095e-20,9563796435235654e-21,22065321726188533e-21,16557071338643954e-21,425256534194614e-19,8845401708022001e-20,23635033919496718e-21,13223273074916986e-21,24748498072488798e-21,22752634874472044e-21,23617192998437115e-21,12947976320471866e-21,5678549953827331e-20,11835093205608861e-21,2872728796038832e-20,15350731034940048e-21,28364620142910373e-21,118106739370805e-19,2887382376622148e-20,12801053934211277e-21,3322927878717892e-20,13935761089431327e-21,40889228408397306e-21
493175237334686e-19,6464080173624914e-20,18774631194763808e-21,4272273910907458e-20,634854966131487e-19,4554578729862654e-20,13868027021176236e-21,4633888460985315e-20,29581718796616873e-21,8497924693758327e-20,1512465469162031e-20,0.0002543428526437936,0.00048808399640875753,0.0005712321695948224,0.0010574429741245922,0.0015471893232978293,0.0018048642480547519,0.00291981449757564,0.0031409871805194146,0.004622091003222676,0.005363168120851912,0.005030049936354265,0.004417388136312212,0.003587097603808079,0.0032434514326880205,0.0030328755614789493,0.0025154186528347456,0.0034316466688943414,0.003956647296174444,0.005113862166066869,0.006503556744553145,0.007579455697426468,0.0069989417407947,0.007387916237274697,0.007162794274437728,0.006365319994720609,0.006263007266805353,0.0055719157709271045,0.005115883099219215,0.0051935772969006425,0.005972874720935803,0.0068675299186051674,0.008364157199454133,0.01000215414424522,0.011447156225115655,0.01189263992250293,0.01288437488486423,0.01419056006620497,0.015080947179760593,0.015217488095942271,0.014846186373746594,0.01466083284323126,0.015460752014594467,0.016026032609482238,0.015824914231938415,0.015156675384393192,0.014768748841181886,0.014965069627882615,0.01572670731193925,0.01440956122426793,0.01326009751685503,0.013675916203045176,0.013242033548437459,0.01217325380598458,0.011830743306485484,0.011444024864199707,0.01240822515547986,0.013247780175823272,0.01454137386479442,0.015741990649172734,0.015367766607471172,0.014358262637382482,0.013682254110571656,0.01195081305714154,0.010012632551898729,0.007881936168210675,0.006722489827231164,0.007715152522846702,0.008366534568204095,0.007816258060588855,0.008744655763396697,0.00905662980936526,0.008661439700455551,0.007606911954494626,0.006608875216370186,0.006816158432657821,0.006910136059729721,0.005411652834877216,0.004569761830373285,0.004958326734187065,0.006058781368513375,0.006505720687268849,0.005867725140483227,0.004989856383852532,0.004144739610599536,0.0034565688358628075,0.0031489362314568135,0.002897909063549147,0.002774652627747601,0.0026591642466525733,0.0026044500008773784,0.0022774302143386506,0.0020423162376861145,0.0019585526882666144,0.0018704134177343096,0.001929282122185675,0.002090400380022917,0.0023013101825834804,0.0028322697340237607,0.003471280299609379,0.0046172818325595595,0.005821644104845053,0.0071180093821514145,0.008374740161378564,0.0099856471431266,0.011704576028864258,0.012639184124717347,0.012595826687539355,0.012267756473859836,0.011813934235665626,0.011301849959590984,0.010119311484133186,0.008445967019859078,0.007180547712867579,0.0060568675266680725,0.00572663056529126,0.006218321562526807,0.006770250378278493,0.006893185019500334,0.006728054546503612,0.005776539340520861,0.004570034969181316,0.0033725313274226973,0.002648575413323138,0.002615956697796687,0.0032628380433815407,0.0038654878693927495,0.004229640913317889,0.004377126329586998,0.004242245047159212,0.0037696468860829867,0.002859424404947958,0.002159339685453886,0.0014938527486902332,0.0009326776806789418,0.0007234406214771358,0.0007035780947285906,0.0008288546566482908,0.0009715926542900535,0.0011233449198341796,0.0011678250966760026,0.0011409373067585863,0.0008542426566674112,0.0005140240783167447,0.00015229510842972642,17563701357771845e-21,18512174608809343e-21,14765625599485356e-21,15042373332492036e-21,14511987198937951e-21,10481125765741798e-21,1530594046958984e-20,992208835958365e-20,25086035716012044e-21,16792441282808174e-21,17283920951435982e-21,8448256449863979e-21,19202289482696176e-21,77441548843778e-19,21429562077803627e-21,9125361516858673e-21,352911092192979e-19,0,6400345565460079e-20,7203968579174538e-20,31821441981980406e-22,27525673924147443e-21,1320795377746102e-20,29205100472972074e-21,19874944841161368e-21
20348454893239138e-21,16134357100589464e-21,1828842737815591e-20,16962479864362338e-21,2050115685307503e-20,2802860362976505e-20,4110233769050464e-20,14547545088640713e-21,29495139387270994e-21,10351017706853714e-21,4020618779027643e-20,4543196780484052e-20,16157009074171598e-21,3823985241059942e-20,3538913566298808e-20,12275351881406925e-21,4732896207447914e-20,0.00012529973376705284,0.00018240154660560415,0.00020093958104999137,0.00020300906153811085,0.00029041796101224185,0.0005065524002527163,0.0005137416964243974,0.000941632658068358,0.0011016487592065902,0.0011448177140313013,0.0011645241927726831,0.0016620428692721231,0.0026727992770015758,0.003539259487209139,0.003552050695624154,0.0025982821235010743,0.002040731053221174,0.0022565005670941805,0.004090414823986903,0.007137928553739585,0.008776606622036342,0.008373935056779783,0.006155480299398662,0.0037357643310390134,0.0028141877813341737,0.0041017666557588124,0.005548432613740765,0.005628976635909225,0.004905604861013908,0.004254498233035473,0.00403072723908234,0.004251709175413521,0.00476872686481285,0.00523177352742029,0.006158481528152393,0.0069783127863046095,0.007742848074904382,0.00856305446370224,0.009971685027293493,0.012490683579608409,0.013709332843667526,0.014924158860108398,0.017441379953167177,0.017712778468150576,0.015344219323740173,0.01271911916617558,0.010952949809378705,0.010097097700974039,0.01024537968564644,0.01248535120998067,0.01426884831371447,0.014120645250769497,0.011465351481194335,0.008899785367087196,0.007557787460168005,0.007819442645770195,0.0108669650579177,0.015093724920918943,0.017144070222548245,0.015840150394430125,0.01267396810825846,0.009956538292003133,0.01003538071335991,0.012993291255349263,0.01584991977346423,0.01604015840549344,0.014930689860346286,0.013426073071395959,0.012058122191797022,0.01070847730196326,0.009581174394480897,0.00853340497127743,0.007955542313680583,0.0074932610445462835,0.007038232908757218,0.007004269023895402,0.007930576183415961,0.010905871865670429,0.01283351675081899,0.013355535730103611,0.015855533587916186,0.016940030032101754,0.012508009529384287,0.008491724799002504,0.007540603808686959,0.007143222757024983,0.007097005806920038,0.008169616882664115,0.008913137713086538,0.0071416292885446465,0.005059261181403124,0.004009074963156767,0.0035166647979560685,0.0030203609398088208,0.0029198002952440074,0.0027556051566812218,0.0029004124852100945,0.002171264513057298,0.0026318973835457293,0.0026549278927190307,0.003191393881814541,0.003764610214248577,0.004546448649808124,0.005421491499413692,0.006148258561541997,0.006633316567253927,0.0071856848510728705,0.00812840966301813,0.008558293161444333,0.008540074785752938,0.008279545600442055,0.008308910260683677,0.008649725483686109,0.008955045829626114,0.008877185724298544,0.00849570966138518,0.0072208433015064225,0.005444157709914568,0.0034379882208229935,0.0016540307732870964,0.0009741142782752928,0.000614852435076141,0.0005386505055969684,0.0007585432893029272,0.0011400911132301603,0.0017484372213357959,0.0027150030648247277,0.0038285247026434393,0.005132188593100515,0.006267224032800225,0.0072394353223470395,0.007813930502446161,0.00792378756290077,0.007908124986567195,0.007133467747148954,0.006209226862368359,0.0047919808583799465,0.004502559612648414,0.004206292660715352,0.003993471565167146,0.0044284711531558454,0.004929719008659975,0.005018184849425677,0.004758185655929009,0.004314524499753302,0.0035042082441023065,0.0034115158286727116,0.002233118782353428,0.001270699200921585,0.0005000492109892913,453356317753908e-19,0.0001183966520229722,16612037145021423e-21,9408998420416782e-20,16773626058567144e-21,44367574405501005e-21,9801572219870501e-21,36955167845521296e-21,3641839575813151e-20,7055871346676425e-20,1091086904680443e-20,38689145757891144e-21,31842371180165994e-21
1766402094853208e-20,32610756004963555e-21,472487573823864e-19,30831422110666614e-21,28216990528922677e-21,20034601825797e-18,33709184434450946e-21,49867174263651444e-21,3859121140613439e-20,5986385575205843e-20,3324476602395395e-20,9758755349597778e-20,7102882300753814e-20,7059023991816129e-20,0.00015904220799402465,0.00025524636053420887,0.00041429906961883926,0.000750052368955628,0.000992505423554404,0.002465200621985366,0.00448258794573264,0.0052738251837023435,0.005420105426169657,0.00446013294279881,0.003617160620849029,0.0030856448415241366,0.0032739327852852767,0.00396773234669368,0.004078403711564296,0.004386323847768512,0.004206162056136512,0.004175088216335357,0.004494723796463337,0.007236414963593622,0.010300270290845879,0.012020967810773872,0.014589987116944007,0.015518280343773304,0.013239222537644216,0.009247344930383658,0.0061375531248295135,0.005547783008076848,0.005782528206541146,0.0071910458980387355,0.009093049078914534,0.009574636640555988,0.009294020679137241,0.008918679007703352,0.009114220889900002,0.009349015689639998,0.010139010653199757,0.011038716235990296,0.011963122102288608,0.012877141991929733,0.013850246938823477,0.014788406577665655,0.015814357394674804,0.01755154121668817,0.02029608797379114,0.021095624920633275,0.019998297674199438,0.018478422103502666,0.01643432395121763,0.015152928045684034,0.014740108947722676,0.014099677330741182,0.013345524070489416,0.011701535481176409,0.010182423337244903,0.009808009689925137,0.009873725209011112,0.012975903799594736,0.017968729719362857,0.01983460536365366,0.02060376730719424,0.02207894876505231,0.017756116042518973,0.010930494438484456,0.007941639300232863,0.007872577125956222,0.008745733437870048,0.009202160217995086,0.0100485905912849,0.009368002029612852,0.00681650818132111,0.004841204356481866,0.00393092462086836,0.003175814192842364,0.00277058100256125,0.002638011665905898,0.0029260902958888695,0.0027392079637976775,0.002824865712578879,0.00335228897514807,0.0031084130558884713,0.0030558147688595472,0.0027621051026008206,0.002867846788724975,0.002741136136123668,0.0028267117248097964,0.0026894328374579947,0.002638043186250004,0.002466113257167842,0.0024555652448991195,0.0024879574790421795,0.002594156811839926,0.0026388507813396096,0.002853500556172194,0.0030639136752253064,0.003149088323270312,0.0030129120312928637,0.0028613490342366188,0.0026130477242272626,0.0024079747932370874,0.0026322626289736265,0.003417930466689384,0.004310475347358989,0.006085500211762776,0.007863024185207651,0.009603070989323758,0.01109606939098192,0.012701824943917079,0.013950686951321685,0.015095948524536332,0.014827352494604533,0.014569964956583418,0.013427336371059488,0.013136363698985033,0.012409743232230425,0.010819142142156112,0.00936155077860775,0.006975943956740649,0.00588871252123407,0.0036456631703174337,0.0023024142757812832,0.0019797487104152313,0.002007256995365886,0.002009418967478453,0.002454850089624855,0.0027126851677109157,0.0029956961660556228,0.002840871740749361,0.002320223442115637,0.0017530807889475464,0.0012952184424855017,0.0008907496307817539,0.00036599573533577744,9711430931727946e-20,844730058867735e-19,1265310976072253e-20,5618787856508971e-20,12098474308505408e-21,5339280736803169e-20,3832159282126474e-20,44698867337128894e-21,29228458214390573e-22,3158982084347385e-20,33730974974784907e-22,2870366020148649e-20,24209596560119063e-22,2655692354438534e-20,1831188208103945e-21,3620498220247725e-20,1997802524424366e-20,20769787354908262e-21,8161481502473572e-21,2068317871225488e-20,8000366768108568e-21,21296638648658006e-21,8043836524753617e-21,21303715368815125e-21,7644551201439724e-21,22017900906546032e-21,7159125965673589e-21,2843246033430727e-20,12323108886527438e-21,41547084785344544e-21,1653162160462231e-20,30665942420159576e-21,38254563684251094e-21
7591301853043792e-20,0.00023917970597366517,0.0002446854655750876,0.00029245694177237365,0.00023858434029705677,0.0004034698192329569,0.0006744852124959333,0.000590594483630565,0.0008914365664864556,0.0010667438831171619,0.0010759404808414795,0.0007835290772530234,0.0006027670226920046,0.0006226744034618189,0.0008994002511725948,0.0013910082561040208,0.002580918176977124,0.0029822727094263065,0.0025779999550741574,0.002711004237881021,0.003652051302063031,0.0061330939793219855,0.010703449063232376,0.014572765764978924,0.014847667742998434,0.012559871883408187,0.009749155637437995,0.00729750928055881,0.006358467838450562,0.007313886561477758,0.007119372492536049,0.006635773714796576,0.0065615837163373065,0.0072641697690579024,0.007067670469933282,0.007343768299281923,0.007726015844663662,0.00818086637971127,0.00887671453702917,0.009363662548675804,0.010081555084181949,0.010753261218825458,0.011559602245122553,0.011958735095778402,0.011943065211636647,0.011449686076549488,0.01134567085198292,0.011703288310574484,0.011689474783843022,0.011408562448299102,0.011602747476217605,0.01166514311393665,0.011401952362215381,0.012169413291680434,0.01342478004269714,0.013244759655643267,0.012475952180610083,0.013206297651357377,0.01538020568962075,0.01968587374175281,0.02575067771512245,0.029764842700168357,0.02815057208610426,0.0229377257813227,0.017878385167924057,0.015321404761620723,0.015032368030597414,0.015280793373749997,0.014386059609247135,0.012834706664575752,0.011412830171177819,0.010963288057671544,0.009585086637683437,0.007951252158256622,0.006866171845814417,0.0066260640443876005,0.005759258545882303,0.005213306709785692,0.005105376718604236,0.005128798235032903,0.005701273036742109,0.005460873087983651,0.005133417081859547,0.004092295462573322,0.003365485892260033,0.002887882338826147,0.0028478876499326926,0.002847994711866318,0.0030083946245160545,0.002982228703096862,0.002934658842760157,0.002890723466599082,0.0027949991170017623,0.0027542168309109523,0.0026863730913577032,0.0026309600248579394,0.0026306403898138267,0.0026605424711021604,0.0027265062645069607,0.002873355744913366,0.0028943758685661134,0.003002400816178662,0.003360188485592504,0.0036328069185411617,0.0040807567444098155,0.004515745937084055,0.004934168012662382,0.0053991875662635835,0.005844469572572227,0.006058578537711319,0.006308063582744995,0.00616956875143446,0.006175975433631728,0.006325363817671029,0.007493466697873902,0.008446088994099089,0.008894072936490086,0.009336093378158758,0.009227495045798232,0.009060944226687283,0.00873194638610298,0.008432074926147207,0.008515357855125255,0.010101055030784145,0.011931762196901558,0.01294711384187663,0.013126635182953676,0.012176291575576472,0.010347089256445502,0.008318309564915213,0.008411030587581447,0.006038780443432312,0.004609830434577183,0.0023741772542960607,0.0005059149495406956,0.00023468347220052845,7911439011648313e-20,0.00018958938885797413,5115962139443614e-20,7623492418915988e-20,2937971373416731e-20,5567377190064796e-20,42211241785780504e-21,7868279282072284e-20,3185531356424705e-20,3417522392194676e-20,30309833044624836e-21,3503974040044887e-20,24731959629316394e-21,25205984133473343e-21,4540809715431747e-20,5879029819021878e-20,34885010888521396e-21,5062968548014174e-20,2852767937952904e-20,3729614933743052e-20,1589706542665354e-20,27202197246244696e-21,17185102238928704e-21,2393831767889675e-20,1839782085693392e-20,18405647764901926e-21,4019462887795238e-20,4005912782185523e-20,10401108601898532e-21,2752459072886848e-20,11136352847713283e-21,28797561682828953e-21,12226005113003531e-21,3898235191986186e-20,27655112575655817e-21,19856992062797377e-21,21026544988376542e-21,2092017775301099e-20,23949834900312643e-21,18783597908915514e-21,427618667492953e-19,7099731721079253e-20,13503781478107468e-21,37248922622621416e-21
1284627188150753e-20,2503378057394556e-20,18405779739160718e-21,3998992675319338e-20,0.00011819817537072312,6903020386177194e-20,0,44006065653910726e-21,9855707287792082e-21,8334294502723705e-20,23727757615395287e-21,0.00016354600585338547,0.00024279419182833076,0.0001445940188695183,0.00020853129187359132,0.0009788019077102373,0.0014453896304809492,0.0016394139774689987,0.0019270117643289488,0.0029471130879786607,0.004728355575559869,0.005115970517196931,0.004923246246561781,0.00438965470347478,0.0035210012691562352,0.003060454910258152,0.0017223471167492892,0.0032668944695766504,0.004202030458847885,0.004639895118814651,0.004519884657836703,0.0038591951320564,0.003316568243719949,0.0039022307816155167,0.005961697532818035,0.007790305498279574,0.008170226005315483,0.008136279324073573,0.008609524356750999,0.00864196969776773,0.009590969379029942,0.010712820518878431,0.010858306390930685,0.00990695967500128,0.009289767090195699,0.008273205514591434,0.008953074565487896,0.009544735453329808,0.010329999840487616,0.011110457484441828,0.01204689431573816,0.012170449546617303,0.012422658921451552,0.013331608560778198,0.013910651912269367,0.013479631815799087,0.014003027825257114,0.015004469035058286,0.01676050959403418,0.01707091009331525,0.01528475771088573,0.014049212644641542,0.013663293067677667,0.01270132830684805,0.01219195485149094,0.011972230183579135,0.012561720773784351,0.012739668999506277,0.012216071401796189,0.011109554809903353,0.011015121305767192,0.012379962366957813,0.015627858926382528,0.017308495450929672,0.016209874959935054,0.014307192032370354,0.013867764719887416,0.013971658433983335,0.013896304251621366,0.01501319090634844,0.014766111248818688,0.012540130537300262,0.009563128505972775,0.007526917660490775,0.006652336991590252,0.0062178395916260105,0.005826393466919231,0.006483269762870824,0.007601165614218381,0.006619984136121536,0.0058235975799920785,0.005397097476708638,0.0046375627571986705,0.004294883146254708,0.0040094135881292405,0.003649097338012576,0.003242351734260999,0.002798308490420826,0.0026585212532813166,0.0027896270147865694,0.003563642599031431,0.004121246227875213,0.003509891612016434,0.0024813740166440283,0.002218275504301387,0.002435546600126233,0.0027751917268676587,0.002962695031856826,0.003342748566214315,0.003713790309235356,0.004228793516141701,0.004709228191367752,0.005200929699860631,0.005806280969265651,0.006571799002516533,0.008108202382776025,0.009418118487965099,0.01003383808255477,0.010375970220903643,0.009948069500515123,0.009642189396744933,0.009697372864896359,0.009324555569268533,0.00914071819479421,0.00825573566989403,0.007273530183264916,0.007091384635320842,0.006907658140164899,0.006446390584908393,0.006478004671974737,0.006373013200927343,0.005764794352874237,0.004705894895536345,0.003952892126069863,0.0039850390870472575,0.00453819453219753,0.0052566654779286565,0.006112456646208491,0.006706685796906518,0.007080891486366252,0.006863451606345997,0.005990769001281778,0.004853426552440377,0.003832821161571002,0.0028073297568406994,0.00239253064710588,0.0019171955429122085,0.0017745614280359622,0.0018932486616622867,0.001522408351199355,0.0015369891357704417,0.001250220737593298,0.0011764702810474186,0.0009271259164007246,0.0005614185799545058,0.000298418526208186,65573420355093e-18,1782958518075313e-20,1304258329968493e-20,15067259542052424e-21,14589928696181352e-21,21068539036993547e-21,10584328489957223e-21,14603451915802403e-21,1251391407822458e-20,15552116672387486e-21,15174231262836634e-21,18852416077275944e-21,9367367469478691e-21,1952942630620777e-20,1527815848306623e-20,21841615638493367e-21,12997026906175812e-21,204900739563122e-19,10032165500578931e-21,2149989989802766e-20,133630638007977e-19,22601663519608878e-21,12114178595463216e-21,24361831229095547e-21
8448093925448171e-21,3815548733350216e-20,1081645157262072e-20,423572453681006e-19,24236096942012357e-21,3626261228873007e-20,12344392792577726e-21,5763021900640284e-20,0.00014453617230188897,0.00024066429116775036,0.0002654319636980506,0.0003412991828581684,0.00028113423860110805,0.0006503374566137364,0.000791585744182906,0.0009968828035748093,0.0010164592612529277,0.0010463943483464476,0.0010498277846577035,0.0013943634619613331,0.0015269558631474866,0.001665786106572225,0.0015436430794173838,0.0013058593694709139,0.0011312846768306568,0.0012299508214745078,0.0020325311255530785,0.0029704459728185028,0.002987597655788753,0.002762286979590335,0.002882940957406659,0.0035342808343666356,0.0038364385013829384,0.003077930676415372,0.0029879152471918966,0.0038091638270732887,0.007640085691758404,0.011837447467441269,0.01488960919442144,0.015199102678857278,0.012922063038398242,0.010347251451086928,0.007642593531196687,0.006704882974834559,0.007101997892891978,0.008354677829809339,0.008907098910753147,0.0091425580013716,0.009311217626048526,0.009721872872291785,0.009643606322653394,0.009881457352204068,0.010137520671707628,0.010417941531743294,0.01107198312767311,0.011930528829022274,0.01277206143099482,0.013685561867285595,0.014784070062684302,0.014298703722271737,0.013091791940262812,0.011486661006863425,0.01041877569011771,0.010462014032873387,0.011178297592518146,0.012397926321559598,0.012759800158843168,0.011586455520321103,0.011008695285080928,0.011562206772388083,0.010279398058722678,0.009128128210680507,0.009534493534067512,0.012169297612808402,0.01760874901124224,0.02391257591253595,0.02665470072198801,0.025143984046587,0.021054870900971995,0.016238466426572225,0.013358052394712501,0.012148750799754408,0.012353363796816782,0.013325197694123206,0.013262273107810465,0.011866508662986509,0.010540895885989741,0.0096405969510481,0.008115203594603606,0.006441815217998583,0.005394143449784549,0.005169811674962686,0.004981159601647076,0.005461732693745447,0.005929408079287938,0.005763622661130616,0.006712974403797534,0.006899233777876038,0.005779075863049581,0.004069468688973826,0.0034758669144270954,0.003171053012821475,0.0032726777399754076,0.003547270105927267,0.004041155028325506,0.0038465035210190845,0.003621685066607511,0.0036298522980876464,0.0039020489203424906,0.004069551019750775,0.0044335494148731195,0.004641529205270395,0.004888839468473323,0.0046638236043786896,0.004920076861466124,0.005227170336678127,0.005433983215287882,0.005594200618178911,0.005497179980763692,0.005569736411253489,0.0061770391650502006,0.006753331467212622,0.007417972045273209,0.007616088309432166,0.007645504751616513,0.007598938195542466,0.007230497869907227,0.006141167828515117,0.005517074208027207,0.005847480778570568,0.006235392255261963,0.006387317474259316,0.006099708729974883,0.0062201730847607556,0.005683951056845276,0.005037404507916536,0.004303222044670436,0.0043378936285132,0.005781473074128304,0.007114370043076652,0.008217948468870459,0.00910790079463585,0.00936556735467644,0.00897715433910976,0.00792196333703472,0.0066370606480179355,0.0071954844244122886,0.0055583182400605535,0.004621659792010331,0.002907211192754005,0.0019367583928943226,0.0018704814674615424,0.0011462393920236567,0.0010555812275227089,0.0006638689350139647,0.000502532011263671,0.0004063245211964376,0.0005390396934461734,0.000532998557397025,0.0006374612981014686,0.0006237753537353955,0.0006590703272507838,0.0005891994209628875,0.0004694757187140992,0.0002161778682586397,0.0001480890600540771,37497027933477814e-21,4649873988505788e-20,27116562026780312e-21,6819107992349664e-20,5146652636722843e-20,3629679708101182e-20,15257732167237306e-21,32392015657864915e-21,21439699056746428e-21,417918793611813e-19,19546345019725997e-21,5191980736998392e-20,6673288990341233e-21,3694243873590232e-20
7042378974201171e-20,0.0001444126092306201,0.0001418642083485747,0.0001611054356927301,0.00010831523256762451,0.0003563654572444009,0.0003533481897982436,0.00036642496408069355,0.0003461216731494925,0.0003842873933740483,0.00021631328158334547,0.00015981062399339437,0.00020983525390441237,0.0003390195046462556,0.00029893582176479115,0.0003048565558548088,0.000293034402424598,0.0005024500693287589,0.0007922520912774601,0.0012027273048257749,0.0012944973170973594,0.0011794932655027196,0.0009685539089391773,0.0006050947615389479,0.0009561652244845039,0.0017015557508876422,0.002397443497393179,0.0020637542818531893,0.0018520603705313068,0.0023224394110425484,0.005278124769183712,0.010307068545542837,0.013264145962876428,0.013320742050799809,0.010448123766264951,0.007839815790292767,0.006100454874738925,0.006920907477605093,0.0073022209684098175,0.007100073507053493,0.0066270074457125926,0.0068201008421042595,0.006115323370188052,0.006111014490759736,0.006329342172939221,0.006332834387696979,0.0076625657818712,0.009277717347606214,0.010011221738044728,0.009829470920449942,0.009613675741769986,0.009597885772910346,0.009818190639642612,0.010044945965730589,0.010627543392799883,0.01068087007235317,0.010414379735776899,0.010057191308757086,0.009750621694322226,0.008951948061494647,0.008245166719911878,0.008460205774532352,0.009320008666004987,0.011441118657701463,0.01278397403890707,0.013177549993398393,0.013921664830844501,0.01595176235985172,0.020542086169247062,0.02694778919098886,0.02982421759479098,0.026855800660924148,0.02124087823847257,0.016229632419122817,0.014091320451208427,0.014256357765702757,0.013844070181571229,0.012283773087624562,0.011148431658635568,0.011373883164954543,0.010241559436635437,0.008998288239972653,0.009027850001347067,0.009374727993320656,0.009203618411090587,0.010228750318631324,0.009896703610109239,0.006828384022265445,0.0053520579739030315,0.004407172573220176,0.004504383663822632,0.004214394616822288,0.004439477637871856,0.004077831881225198,0.003301154521651264,0.0025856216338638544,0.0025477424098854025,0.002530576075056868,0.0027627673438174794,0.0030174267178420824,0.003396117961430555,0.0035116375811748636,0.0034986221164358933,0.0035990808059841715,0.0034552218437703423,0.0033393825455322454,0.003114304171608452,0.0031136524357535814,0.002897118970488524,0.0025731662062505097,0.0023451994177941192,0.0021844206416341146,0.0023575364966442755,0.002689511055412591,0.0034014638454065893,0.004160853324082739,0.004894739503398931,0.005273089391662032,0.005571836066681473,0.005583290414183126,0.005503548219120045,0.004920902019286528,0.00420913485097113,0.0037717153334565967,0.0034576314275108614,0.004114990916059506,0.0044545672171482295,0.005576793205773292,0.0075386713463375795,0.009453188833636097,0.011359205978638424,0.013066203528369643,0.014975124413857814,0.01642562991476816,0.01639233391100093,0.015105837876258878,0.01256012035731534,0.00952418662895841,0.010036839271724085,0.007001695134420599,0.00586053584303571,0.003658924631081725,0.00210533652432305,0.001498403243128016,0.0006018193018626351,0.0009237956440284089,0.0007518175134488891,0.0008920010706635432,0.0008502470128401462,0.0009803703292775281,0.0008973831698851245,0.0008856177257769605,0.0005002942009791837,0.0002736021456317489,668886940900848e-19,7555930707972389e-20,13470462336083709e-21,5834645579300349e-20,1521761761643842e-20,6458999164337907e-20,6742686771193148e-20,7763966411590513e-20,5321263999754722e-20,6654033568445999e-20,21223774165150185e-21,41393340173451394e-21,14268418497247778e-21,4001637673574041e-20,13308408712697735e-21,49150093839319794e-21,7381191961256337e-21,3797464891341295e-20,7790410920102646e-21,37956863402370785e-21,8187283822449245e-21,3763616822064984e-20,75673671102481325e-22,3902185763621156e-20,8193471423949485e-21,4649740290089356e-20
4063433912816702e-20,24514711569302564e-21,29920548422588038e-21,237348120454684e-19,3397778754285903e-20,3111988804207321e-20,3536598509453428e-20,57692735267376094e-21,0.0001264699617664964,0.00018156656199938909,0.00026476654549007736,0.000472002082288886,0.0004762407871009479,0.0006470685063617437,0.0009698281713936568,0.0013560807406136487,0.002081597956151585,0.0021018848915642725,0.001823902042878934,0.0011292733939639345,0.0008633905964468183,0.0007890942309520263,0.0009266543518394195,0.0010348894859693336,0.0011650271556701802,0.0013373737813449475,0.001725143281990502,0.0022427640205937875,0.002707720337159313,0.0030202167293485105,0.004091525575324235,0.004105932302291073,0.004158865728689215,0.004898037676121884,0.0052211568804895695,0.005334628943661489,0.008073469045317022,0.010880380609461402,0.01180152374445077,0.010416775090921428,0.00903565530860897,0.00795443785159759,0.008331647876170299,0.009948647409412167,0.009585698177392304,0.008941207072231911,0.008647575913637906,0.00871951458015606,0.007947954030326608,0.008175806759755438,0.0075401531816093464,0.007519587462693208,0.007718540101288715,0.008630769417426421,0.010172705436518825,0.011109656428088272,0.0108785192866823,0.011071849416522192,0.011566534474801337,0.011529491338550196,0.011186470255629641,0.010625239843515722,0.009754506199926589,0.009219077541176453,0.008916853936595723,0.008905696614716185,0.009575391577025846,0.010675886051891377,0.012489377198365136,0.013612636360506409,0.01413766155824854,0.015976284540539003,0.01773819681840301,0.019012926679373154,0.02252656025479405,0.026418011287605556,0.02521931439714654,0.02090212575119903,0.016350142085328204,0.014215848160711133,0.013775757424776323,0.01365734213739956,0.011920091312433125,0.009421256859042137,0.00854832487125487,0.008864336810678407,0.0078068479601636495,0.007397242787826678,0.007042284462355178,0.00706015759842747,0.005794782889531638,0.0060703970000099946,0.005158469234075275,0.004624207485318563,0.004025369776584981,0.003592389463503347,0.003391777848615838,0.0027988677498157486,0.002283332077931097,0.0019368681324938995,0.0019036928184501369,0.0019974205052177493,0.0021780489150451682,0.0023689812447917707,0.0027343897245528147,0.0030987377855310272,0.0034084638785959616,0.003772046776773458,0.004009024649142887,0.004236544198969928,0.004402718175072059,0.004753354064162428,0.004960200225115395,0.005050882299405889,0.004536951304888812,0.004245164260099803,0.0041641482878307726,0.0040799639351845225,0.003930391101674583,0.0040012598696318406,0.004398630076828645,0.005172641141468965,0.0059904860428499004,0.006645140076156335,0.007030558172162776,0.006902360243018062,0.00631380057426404,0.004961573040133881,0.004100946845074987,0.002841067281423164,0.002211048281202707,0.002678638263441776,0.003206930599192847,0.005239879542304517,0.0076375244075141254,0.010456216386476595,0.012928678463166435,0.015524822022361046,0.016901786840048557,0.017314472538961366,0.015503137481966788,0.013090223544944057,0.00853839682263684,0.006961162792674835,0.0064268689512335195,0.003332956046950743,0.003213439122488716,0.0006909211281982441,0.0006249146174868688,0.0001353846432902639,0.000272704744870625,0.0001555911397322062,0.00011485982792650843,4353431236606723e-20,8294421239057172e-20,30681063647635095e-21,0.0001014301279220907,6736094573588105e-20,57802180585385024e-21,2395736960082304e-20,6613246482221117e-20,21950124660806317e-21,4920327981291361e-20,18765556560113992e-21,5000883095030227e-20,4757447462834794e-20,8429189602304708e-20,4075689255443602e-20,6556287750557061e-20,20043552424357968e-21,6006563300970204e-20,3857424009209515e-20,29898618166693737e-21,23825794588887014e-21,29922043775736497e-21,25004399927921085e-21,29369626160733045e-21,3206361732555647e-20,42674472719784735e-21,15915171130970403e-21
19450529897150188e-21,8042188967685294e-20,3162602178921017e-20,827250100173501e-20,29958016604696097e-21,9016322394323626e-21,37499433948515943e-21,9308134142562423e-21,7718128378786955e-20,17113066489275227e-21,35165902827445846e-21,16659430101062852e-21,40259025881325974e-21,20140282960552623e-21,7699841061553524e-20,3345446963909246e-20,0.00011298527080548402,6073012391019638e-20,6965999085691211e-20,0.00019721392030554007,0.0004641529009130664,0.0005734141660817464,0.0006154593036746536,0.0006030807159255168,0.001581138507770381,0.001898794717343381,0.0020704305995964197,0.0026532146605456356,0.0025320560885079215,0.002410738310735084,0.0025232431410523613,0.003839804589826677,0.0050596989789708025,0.005283971609770246,0.004969248653736339,0.004845353516717571,0.005602491163651014,0.006583139216919812,0.008060120202547112,0.009172124885615715,0.008653681469797291,0.00882597862202569,0.007652907422344652,0.007073271968484899,0.006537702127435485,0.007604814941395558,0.008887746874137101,0.009177091770892732,0.008701983320971116,0.007716475776766938,0.007190677753052526,0.007371673744368806,0.0077852510014216995,0.008836177943039198,0.009776783823722756,0.010711485414382422,0.011647896318130431,0.012734771393339018,0.013724830031769953,0.01479589333337366,0.015720436609548243,0.016204965821918466,0.016337229510561872,0.016351144325535333,0.015919028901215885,0.016115266146951357,0.015888803614223422,0.015412146881563213,0.016175894813258786,0.01795682584781402,0.018694881140536787,0.01729458298591568,0.015369178040809535,0.014676098047191794,0.014776766830753064,0.01551967870842808,0.017086133853401683,0.01738062534913987,0.016659789117668935,0.015344396096685675,0.013598530347189932,0.01164282510903468,0.010684587336905749,0.01148671293958722,0.013854994964744786,0.014377949582520805,0.011608847371273457,0.009031492997014107,0.007970235165381681,0.006728281026894703,0.006228413363364104,0.005960995336173287,0.005304168439337353,0.004649724058260664,0.003827279745897023,0.003455528233110238,0.0030410163538288045,0.0034305920390169265,0.003966419520349288,0.0037549366156427438,0.002939788741546958,0.002632970827387596,0.002784931718392232,0.00306286826055663,0.0032242553161434036,0.0032988860508181093,0.003311767266403162,0.0032792186474193204,0.003067450801820738,0.002809640048522246,0.0026435646590476027,0.002429134495763764,0.0023629283895339154,0.0021981999426196643,0.0021456335151991924,0.002183043024853842,0.002334552815902273,0.0026130721397561747,0.0030653578402782063,0.003706282002536803,0.004559256704968616,0.005356673407843343,0.006390310948144664,0.007332164581571517,0.008069646328100701,0.008637137757044056,0.010100025918578564,0.01194625617546266,0.012705857875323388,0.012637441059453036,0.012338332425704715,0.011889116011395959,0.01238893329227158,0.012747452804599104,0.013066629807003986,0.012950695385587,0.01209105605875782,0.011104569055219452,0.009862535327100687,0.008308788515281497,0.006657207785639551,0.0046062652079807255,0.0031775372164463724,0.003153813280743275,0.0020461342458180844,0.0020742202937595296,0.001498160464410109,0.0012679477754723738,0.0013312783678731464,0.0012367223351223361,0.0011970046077167265,0.0008477714426702086,0.0006534052805798814,0.00041213373473552515,0.0002886972740794163,0.00016248473385808247,5435716719658157e-20,23762729675584624e-21,3259401387295816e-20,18752155516448527e-21,25017177012002594e-21,13048586712473128e-21,21808468621286218e-21,12381842630734685e-21,23080310150797124e-21,22830602381774507e-21,29099182904620927e-21,17147597403026086e-21,24571470900452257e-21,9423685011777646e-21,21014153691776508e-21,9825136302917358e-21,26992357250786962e-21,11159941406826672e-21,2082805498880075e-20,10703199887842556e-21,20723746902923856e-21,1116468218346848e-20,2128937729146764e-20,14647877910624962e-21
18444384806356008e-21,2808790850045374e-20,18611093596333082e-21,23979202924686862e-21,2070013282069296e-20,24719448634829507e-21,31495061854343515e-21,3544430258362894e-20,40897181069979036e-21,3035979900517548e-20,0.0001132634297607134,5628604948891707e-20,1730396661013406e-20,42587346892441696e-21,54720537757298934e-21,4178544334310659e-20,6630942434733688e-20,0.0002267284534316485,0.00013993383256428004,0.0001358454872130857,0.000728378821913248,0.0011549189363479994,0.0012855806304519332,0.0015105893470153235,0.002255712689564294,0.0035629084932768287,0.0038083909677937497,0.003496556800548935,0.003182228993653271,0.0027465038383263345,0.002579487919346079,0.001766747393986174,0.002287055987495637,0.003854360504163012,0.004957602502518522,0.004217554379625953,0.003615072000903918,0.0033660994282548344,0.0047709608860657645,0.006962562536151005,0.008338200434694057,0.00800891338007897,0.007081365967831046,0.005563392660778978,0.004572820884904076,0.004439051766481357,0.005760317460317879,0.007913866416868491,0.009601281864411478,0.00971185564366871,0.010229774022566616,0.009484901108597699,0.008691948537013295,0.008806315674965856,0.009097164174043887,0.00990385365923258,0.01095163300376121,0.012914118239386279,0.013892868961763795,0.013976928709290463,0.012963189403279441,0.012593950224424971,0.012958409643100388,0.01467587461261904,0.014835987426427728,0.013230203851225844,0.012240616872317464,0.012088154346262566,0.011193196524543295,0.011296027606546306,0.011994869911273638,0.013120214732723767,0.013400669211319048,0.011762959316017025,0.010466495932410724,0.011033674971043411,0.013054428530470587,0.016612455343094697,0.018932886251243647,0.017493396777094314,0.014123028178045697,0.011136512436471041,0.009370590610609344,0.008974026152731086,0.009690047154708671,0.011844920625358902,0.013395371971548952,0.01315288582726603,0.011810341090722813,0.009894996054880173,0.0077618596907341915,0.006777013494751115,0.006939115308901451,0.007839248965960248,0.01011824591715294,0.011732579637117442,0.01126039211214675,0.010149344610691469,0.008176827517951893,0.00681703020110323,0.0063752418042062635,0.006289144574104419,0.0057360015447412765,0.004706480623056367,0.003926589547470761,0.003922897179392696,0.0041896149198684,0.004711830140789685,0.0049034661229541135,0.004321490003960521,0.0035920065541929468,0.0035023968533862138,0.0036865493433024905,0.003625590509138163,0.0038082283085118067,0.003928978178532845,0.0045110636812931365,0.004835328517654437,0.0052436020471749185,0.005957060673857938,0.0072285712815415674,0.008556186919500273,0.009233863523815736,0.009644889082330087,0.009283077617418827,0.008793975673337113,0.008593452456737491,0.008033955064083196,0.00767103682492963,0.00677714851259256,0.005814745441433561,0.00578550722504407,0.006055040674915924,0.006323327600306309,0.006006726950601322,0.005897885354169013,0.006083824674590383,0.005764031002682788,0.005031019757630141,0.004199569289582665,0.004182224432005857,0.004647056711854588,0.0052368941008376175,0.005899660884216407,0.00630918182569672,0.006465695671205907,0.0061358172224169425,0.005168199523954974,0.00381829739250463,0.002544012579362452,0.001271591238607753,0.0007511858430506646,0.0009366917545165062,0.0013913144430375364,0.0022679959376238168,0.0031393011464850365,0.004107038263497134,0.004980899810872305,0.005657616178883722,0.005886003591639278,0.005511461889550202,0.004545739233292632,0.003355346186497449,0.0019431585697662409,0.002049401278521209,0.0011601258781536211,0.000832282126728046,0.00046284080720618965,13821607048298756e-21,0.00014490281769920176,1545161620482334e-20,0.0001077403147102889,1987888653799868e-20,4706865632369597e-20,11078564069845316e-21,3594518562958503e-20,1600699943433983e-20,4553972614533684e-20,19693786723546493e-21,25463247626518005e-21
4644752156370404e-20,4213205702863052e-20,15354964623534626e-21,44236299828576315e-21,3370757033775518e-20,4632971401609391e-20,2170361791147632e-20,6163340639885081e-20,7116742262138729e-20,0.0001114438708819881,0.00014133994682762375,0.00021727267675034938,0.0006111122840838497,0.000782519621753981,0.000565027961780225,0.00028685285672637933,0.00018456766107864355,0.00014918746810221138,0.0002611824925472388,0.0004102556663414549,0.0004206088888031376,0.0005495405379295931,0.0004921728575746151,0.0007081545433604322,0.0011030426532382183,0.0012168512662240048,0.0018461387650864276,0.0022359925450013618,0.0027030256151161633,0.004094434822435632,0.005085704321951476,0.007055814311717682,0.008900687690657511,0.008937511475057962,0.008225275171279725,0.007596999787868199,0.008583242361096657,0.010288000080950866,0.011896585091231327,0.010234595947680532,0.008381922469885013,0.006431150246570419,0.005793492584869738,0.004714293073262386,0.004509875912646258,0.004153471039008344,0.0048850730963055445,0.005452349732808991,0.005982083913094683,0.006828463677907738,0.008249448739652452,0.009506369194476106,0.010151117131635017,0.010798467321697256,0.011391872366025183,0.011692098709056463,0.011576012222787903,0.011128885510656663,0.0104856997080965,0.010254132881706006,0.009857036373044735,0.00985739257450276,0.010613336671139322,0.011538354490436184,0.013675203722239399,0.015922101387605143,0.017788882041283014,0.02067563210627841,0.023918856128508716,0.025071997632941552,0.026323396546004945,0.025132029600244254,0.02143308444812849,0.01888866616974648,0.019104963801901433,0.0203567466661227,0.02027388676846185,0.01700048677263572,0.012513483415387083,0.010251504001425734,0.009992966364823158,0.008796598538826288,0.008415724463610913,0.008871494145026125,0.010398989070566604,0.009762187301511916,0.008916384770624473,0.0073903736324103,0.005914407955899199,0.004919980047115587,0.0040324043541668944,0.003731408957435934,0.002968268338505528,0.002477977912404781,0.002045590139607194,0.002117854551371113,0.0023967802464193015,0.0030057859415076643,0.0031436794787697724,0.0030441587540422648,0.0029932040995757957,0.003207056227711791,0.003386579312702794,0.00345950176206565,0.003392829342155544,0.0032476196025694173,0.0030291191308517307,0.0028409771909869057,0.002660899010929499,0.0022764101254893463,0.0019615582092402124,0.0017503226309779948,0.001481888322796252,0.0014651398065533942,0.0016227039274727669,0.0022594084003983005,0.0030632420110330303,0.004015082196873082,0.004934547556720746,0.0057195706124471115,0.006205068907943809,0.006485262645349213,0.006242013756687008,0.0058256352248792775,0.0048152262150691,0.004291382053278599,0.00476633936976919,0.005395006816926898,0.0076584366298099085,0.01027388842685183,0.013641911567021348,0.01693571863499777,0.020099315736543846,0.02191570553349623,0.022277641803259047,0.019956233964868564,0.01654392977898084,0.011100413184128336,0.007981591012529399,0.007305110539477846,0.003443580516409047,0.0032966218578164798,0.001003522464749088,0.001056932630694115,0.0010442180945902768,0.0011193194358421715,0.0010875650619094077,0.0008085438066740983,0.0005727403783348225,0.0004929723058626303,0.0003429120607920264,0.00024284455370927695,0.0001505935768242118,52162548507366256e-21,3827363421630574e-20,5596016945150274e-20,3667410237217513e-20,39030828943487715e-21,30059128519678293e-21,3834490983850472e-20,4334546202937302e-20,7674359915468559e-20,5404880645825198e-20,56067564980149704e-21,4624280936667975e-20,317847558301986e-19,27563016084821243e-21,3209223334820774e-20,2411538417784929e-20,26732827063692242e-21,2334328249200474e-20,2554527928555431e-20,21326706571241198e-21,25029334425073185e-21,2164336473008394e-20,23895346405810385e-21,220919847294642e-19,22846338440892093e-21,24546741946382447e-21,20905166739514337e-21
6577598880027887e-20,12045065352981247e-21,3363400208097161e-20,16672540689911076e-21,2945632765391952e-20,21242078446453886e-21,33888363836801587e-21,4659718699379099e-20,21068972239978076e-21,2664548815877106e-20,2600137307731821e-20,2596714834149821e-20,38258629049565386e-21,3851224200459566e-20,27475844883253644e-21,3980005604387443e-20,5141424068973657e-20,0.000122313444879801,0.0002026799338673462,0.0003212821271374431,0.000425583378520415,0.00032874803898664927,0.0002817931522138486,0.0008056913093281175,0.0008516995793432317,0.0009107838779397232,0.00104616830502303,0.00147043808041806,0.0016672047459589802,0.0015351330663471857,0.0013227458998369644,0.0017643628169867595,0.002472017956314933,0.002955774593890268,0.002879356575933045,0.002989670465875763,0.004192105325114433,0.006126853950024618,0.009097964826240418,0.010729497467697826,0.010766660752127647,0.009169126864743263,0.007702197850539899,0.006617845674036296,0.008165641675969159,0.010085460972003543,0.009481248643477247,0.008339553019652514,0.007600245978598738,0.007542708126316583,0.0068288432332956105,0.007417564518833165,0.007479191949992871,0.007835760790579767,0.008097627862074746,0.008750478686490272,0.00946114257480586,0.010120265240927857,0.010937006653128082,0.011599862699069959,0.01192811034574218,0.01212306134593076,0.012173733850381648,0.012050059472277294,0.0122162612535492,0.012789526986472585,0.013460910524562475,0.01330687397790802,0.013338412547135541,0.014099953557342943,0.014984869037390276,0.01530050936144932,0.015430615178165725,0.01568709263115316,0.01753426040634179,0.02107559409234169,0.02428917959995563,0.025858457813828544,0.023491863273354122,0.019816452775415563,0.01649593807533305,0.01509374918249858,0.016434413746880056,0.018502508310057845,0.016847678145938995,0.01326687658766007,0.01233230751963694,0.011767596239639726,0.00960587696365089,0.00858939486162654,0.00860149172037177,0.00818869446253936,0.0066091771330106805,0.0063816880440524335,0.0054593255083660325,0.004986720814898572,0.00487001910895745,0.004768605769955366,0.0042701396478010654,0.003000796850740914,0.0025294764195788206,0.002229573690030233,0.0023031567023928464,0.0024402529007091275,0.00260927839292976,0.0027313548845693475,0.002893533359472267,0.00290938674218232,0.0029308940972485975,0.002930570576338996,0.0028501469667290913,0.0028497656587747953,0.002814793170718515,0.00278513654864393,0.0028205556963857526,0.003025682738164281,0.003068721026080185,0.003349242934602183,0.0035736213929441667,0.0037139249645740846,0.0038080711874778394,0.0040286217372601145,0.0044008308855866315,0.0046917746927014285,0.004921780238122996,0.005443786958213678,0.00585948860134985,0.00615100718684448,0.00644958664995444,0.0068566009440756085,0.007731535310145297,0.008168062380454913,0.00876185546389503,0.00983370641206265,0.010305149456011272,0.011351608611593891,0.012178098988285875,0.01268126175231684,0.012936197935966372,0.014216214199606263,0.014857616401366182,0.015187000752690649,0.013947286351156357,0.012215847553869676,0.0085345011245788,0.007353918092843026,0.007023589642705043,0.004330626998956324,0.004080836725432016,0.0014909055314959155,0.0009493960954228543,0.0003280293122731935,0.00025812284224530785,0.00014785622441601653,9793360820332181e-20,4913178892754064e-20,7098342928977809e-20,33210654403306516e-21,8740506442972433e-20,6400479963651654e-20,57787416088819826e-21,3762911482965948e-20,5661128644017577e-20,23635729363637066e-21,4187485806276144e-20,2030458079133639e-20,49433359089708136e-21,3791711987678512e-20,689062573448732e-19,4068999745294328e-20,51482148002128103e-21,2667546373680239e-20,298084225444375e-19,22438441273420644e-21,28130507287301257e-21,2145944397596816e-20,25344960742170766e-21,23196801177200906e-21,21812087158518108e-21,30056307080594322e-21
25272703922647122e-21,12879944027521758e-21,25583479272023634e-21,1958045815470943e-20,3460027559988015e-20,6531380311919154e-20,7122009991561692e-21,3497236991878759e-20,13160313980334175e-21,356298877793339e-19,14844047219035472e-21,3991556432416596e-20,18646479552315932e-21,4615261668792108e-20,1650757564606823e-20,8742363321142418e-20,0.000314284257291768,0.000501642525781114,0.0006092852731348209,0.0005375093702819118,0.0005361780109612968,0.0013917294665982316,0.0012890396228756493,0.0014012922917180826,0.0013925069668461857,0.0011967609635044662,0.0007503551000907548,0.0007566793998998791,0.0007084032248578912,0.0012844483210414405,0.0019205277668768888,0.0024948988794592703,0.002668713415668509,0.0035560600373514767,0.0056827852077823175,0.0087382526475047,0.009243163043389216,0.00830337246522337,0.006529774031812421,0.004522695662158865,0.005179594637216086,0.005011460239974867,0.00629800871860689,0.007564241983390386,0.008098235944115805,0.007321271153586284,0.006766956125396581,0.006443418896886295,0.007217770035619645,0.009263996863813108,0.011072550848093665,0.011285822841484989,0.010819905161643849,0.010333944991292053,0.010114151772293313,0.01042158565418273,0.011203573769837483,0.011897204087744683,0.012047693711115642,0.01213619536106699,0.012253546874052086,0.012551770036584529,0.013457851109706903,0.014093167498618107,0.01480850495230232,0.01591690283502377,0.016484022161161894,0.01631239570188449,0.016409034293391026,0.015661878931443256,0.01477448651184023,0.01485937657395036,0.016745823461809237,0.019686473558412628,0.020199969331746198,0.01650709015209933,0.01275179603475,0.010917691911852608,0.010473783953708432,0.01151345341963251,0.012656890632319128,0.014404436486388755,0.015203031083516953,0.01288056749785113,0.010935101741111163,0.00966206400546317,0.009195996195608404,0.010494811182746316,0.011984562674212216,0.010538147136805728,0.007894466814627752,0.005694464262582947,0.005199806798893009,0.005273594389332356,0.00606132806554883,0.006448633563516119,0.005223749121654471,0.0040224066880983865,0.0032987812890448694,0.0031444225702198614,0.0030263430770490728,0.0029354005220269914,0.0029109883164320106,0.0029016987060285697,0.002922961171028589,0.0027384753314867376,0.0027119904868715965,0.0026240967006485047,0.0025842015648467323,0.0025549792956941157,0.0025582745597922027,0.0025776961066116635,0.0026573471431593334,0.0028158202236150515,0.003170970577633349,0.003631819882676282,0.004153071412468402,0.0045465136925459185,0.004955668991562906,0.005346585547369791,0.005546491302134553,0.0053443596445493045,0.005120268103878228,0.005580968251666572,0.005883825061446898,0.006054607777398681,0.0061128606669751395,0.006567743281926954,0.007782117602663593,0.009372961298087018,0.01160149600004873,0.01368895202011296,0.014378786273998885,0.014257524855545392,0.013291077666223786,0.011391211612478932,0.010059594812872615,0.008720566070851475,0.00790316498645127,0.007254393838695739,0.006181594489217314,0.005731043439072914,0.005629644119132354,0.005672000561632434,0.0051345930219978235,0.00426025821867664,0.00305233879197273,0.003005873324648448,0.00193362852755158,0.0014790272149451933,0.0009973541398035103,0.0005763570994797912,0.0006071901823925229,0.000324504883856313,0.0001791965136141534,3397896781741386e-20,48901737004521564e-21,15265571582738866e-21,336279940726142e-19,18740283113960888e-21,40436990090701384e-21,20154285586803846e-21,20775036248172978e-21,18164937744370193e-21,2267837132651775e-20,1730307504527654e-20,17379213318848867e-21,16358054550361124e-21,17632755388815108e-21,25510804155806914e-21,3042556787138109e-20,2821731895886066e-20,16018134943284013e-21,21214882679598274e-21,9729357396274243e-21,2548942098712149e-20,2751474547250926e-21,48999017969949635e-21,7941289662005223e-20,35618929531472913e-22
