3136616073865785e-20,29617737778470818e-21,24214887723857964e-21,36535747604555616e-21,3029013743119762e-20,4396581131508795e-20,25647522611705116e-21,7387407733898591e-20,4789226609885628e-20,26556322117364152e-21,4309573294246951e-20,2601697766599191e-20,4556896232150135e-20,16939293267380925e-21,6250078688462404e-20,4114964959686742e-20,43373006099291204e-21,3332511245517726e-20,585578293645238e-19,59921307008700544e-21,400691027757245e-19,4850911346011014e-20,4862149535237918e-20,598529621159282e-19,53405801711236434e-21,6271248782869185e-20,9235326883087474e-20,.00016562008106954152,.000241458306798271,.000725355869172705,.0019481497376075815,.003680566106265391,.004895061435876307,.004740597652259179,.0038866489130038495,.0029612507534160465,.007419425797060044,.01889594560342889,.02625032944520352,.02729070896112666,.020296021764692546,.012055524999077619,.0063463066966407515,.0033191602076602994,.0028402468096126276,.0032352272486596083,.004407936959724084,.005602735386582387,.0065520604533065826,.007471465334868984,.008316891738603987,.009039583456470062,.00961350658493777,.010836065280639436,.01135324339148545,.012457536798580185,.01270364249029949,.0142688400021305,.015210580385760276,.015624848672572847,.016224403401345427,.01669963839154244,.016130538373184105,.013881837961703782,.01331004273415936,.010484748973405976,.008308653593265767,.007533396252593373,.007105548679152353,.007372538367263666,.007638096364729278,.006185502380022104,.004401888606223362,.004011629567439265,.010186302123953989,.025376787226646075,.03783786048842751,.03463003262600983,.022828338354670772,.01544348360978963,.010463688354732839,.008892482787140004,.008732127861620352,.008996922033598566,.009521919711647623,.00864958551791103,.007690273125659001,.00605135470978951,.004341053378781744,.002898458734735814,.0019965597496255363,.0014273752018337746,.001390241859154628,.00132542842476921,.0015323161600461707,.001882115119944517,.002037163551731332,.0023837155146217916,.002819399224390163,.002955242655238111,.0032177379105500143,.0033934299926993237,.003441926558735085,.0033337572290544795,.0033356545713607473,.0030787459694671627,.002919907491434769,.002516737324494807,.002257406952350149,.0018736964664227476,.001557183213325865,.0012101008669139393,.0009570660237319894,.0006900770378017665,.0005647836316608001,.00040768543064282015,.00044442402359448873,.00048702483129481165,.0008895192128307686,.001352937096250561,.002507255594578206,.004189072938614937,.006499235748545027,.009626916233947154,.01350096271414695,.01714257707173654,.01998353495392756,.02150824764549302,.020407026637567376,.017567921876288008,.013125917126707446,.00846981083701289,.0052631080277720284,.0028325024364076103,.0016263032893032172,.0007136567217004403,.00024158556123491024,7515631421525666e-20,.00011029434570290242,23441885724344168e-21,.00022994849250155676,.00010976020158683507,7889020026109469e-20,60873737550801166e-21,6921185916286826e-20,2886676334567714e-20,8768191562389755e-20,2686308661961238e-20,.00011587392306206222,0,.00038601703112862404,.00012842410831083876,.00024381047586806429,.0002123116120003945,0,9540597705329866e-20,11347053577810072e-21,.00017777104413682277,8848865890739902e-20,.00010028049112880289,0,.0001438185041730633,0,.00013151337580738506,3836687364252339e-20,4922253190958222e-20,4399661560185327e-21,.00011140789378816944,5360389292512719e-20,2268028578879424e-20,19411846317250612e-21,38935477720795864e-21,23927616123571443e-21,.0001349557405356782,4989228691638295e-20,6006236758774899e-20,2507557106804078e-20,7117334047023758e-20,3329361261692671e-20,50806282225746836e-21
4165679073890604e-20,3605425589563561e-20,25060904146831776e-21,4192695858280705e-20,2891333003120629e-20,4753281890345439e-20,4009740332371358e-20,606675961841582e-19,7831596122162008e-20,2620659248540516e-20,4661347424422267e-20,3590683382516721e-20,4322427834760151e-20,34054742417104386e-21,4743413154350628e-20,6789250824853123e-20,3615090801612038e-20,522875967013513e-19,4814247837152249e-20,9606966865462442e-20,31838469343848524e-21,7107080345113091e-20,3889633184597816e-20,8101778994601333e-20,5328298324046892e-20,8639279014445641e-20,6430748700644592e-20,.0002070116026112509,.0003223237856550647,.0008921102534608933,.0021881774316081315,.004502335078957559,.006430769403002026,.006867665422463665,.006172827418701765,.004912282666057,.006734604397089136,.016671574704676125,.024921763657650114,.0272843647614429,.022185677152948075,.013638139595280721,.007592384461479586,.003881215155443521,.0031138674042341208,.003433648455605134,.004560196419427939,.0058795473501547235,.0070876878435485085,.008195352719238538,.00908857069267467,.009987323863274918,.010379420992071946,.01174235961315547,.012265952944185888,.013337148560845185,.013757707951762862,.015114762960519395,.016325369179843206,.017009850444677236,.018102582256247814,.01828803727553607,.019008727319744234,.016817605808640064,.015988253622279753,.01358983127187147,.010820025406698986,.00990173889174136,.009076919994720182,.009693930134466192,.010575034354595635,.00923763084258323,.007571545392006569,.005756979205283532,.009258985841609956,.02160703817036006,.035707861696147765,.03663608867451084,.025863019820747513,.017607643255401813,.01269990347948004,.010228142156573364,.010039228319513212,.00993037517768419,.010611188805159525,.009875271842789085,.008855415413589477,.007180951691254955,.005324549912695684,.00355141872611893,.002420639515831845,.0016509109913163413,.0015166582803305116,.0014676868057793419,.0016402189046052214,.0020033530222748853,.002287247651924938,.00252697649997264,.0031161249781906653,.003262441181040199,.003519369302524853,.0037479318282384357,.0039016445304318713,.0037331709548240216,.003798065506722192,.0034865464234328284,.003345181127302598,.0029116730993003805,.0025878604765894476,.0021947615762719385,.0018278136936074605,.0014305595488262458,.0011394415240947343,.0008105151069676797,.000655757804787227,.0004594601280970769,.000465389532699742,.0004675260024213965,.0007973479034822217,.001251944118371839,.0022127226777692403,.0038709939416884235,.0061321877437818745,.009167964581455905,.01326207737329368,.017540439028177358,.02137958939625419,.02366334740749099,.023915644718236775,.022142118210757896,.017727878945541904,.012360434863427389,.008401183864910582,.004831130952712292,.0026664735003312755,.0011587195080453385,.00034491494767893016,9562556354543527e-20,.00013014861092049815,36675628125834776e-21,.00019253346369099084,.0001699839452196609,8075316279662254e-20,8406243680802939e-20,7608256016639444e-20,3931445309626219e-20,9261996997291812e-20,2909956235599774e-20,.00014141324546278777,0,.0002652072834212448,.00026608383995355665,.00011879668779751568,.0003382525208997985,0,.00012023073905929208,0,.00017944121113840346,8665703516689277e-20,.00013845692589598615,0,.0001601449176290452,16703120691704e-18,.00011206976876307299,665514368069061e-19,5582543892816223e-20,10881810052926263e-21,9130475297144434e-20,8079468716083111e-20,3118312671483417e-20,2028520111210479e-20,5815705626158779e-20,20694270182121944e-21,.00014121059805465415,6980723377052112e-20,724217858485258e-19,34997803800210735e-21,7095659334157263e-20,46512249574512706e-21,5209612063897405e-20
3725572455732925e-20,5594767040752629e-20,34327349366057506e-21,5399834317564066e-20,2479385524016017e-20,8521730407738704e-20,9345463194850923e-20,5780522480576879e-20,9732271466840944e-20,5123163246811382e-20,50181923170976085e-21,6494864217187411e-20,6413306914522484e-20,764886727858934e-19,60979707177889456e-21,770701183725905e-19,3711651857510733e-20,.00014881429422757198,9127035841946458e-20,7302640562557774e-20,8461345880524783e-20,7445300673094114e-20,951051862213032e-19,9062940099888609e-20,.00014686217635592915,.0001439862225689757,.00033452505586059915,.0012388475084329177,.0027384004032888582,.0059767378176087535,.00967573049971649,.011427155209217475,.011619725837355302,.012174091399473756,.017046984131601203,.023244424176312933,.02499970550656186,.021801056209882753,.014707889045048692,.008422140784655079,.004622436053814686,.002886159293745615,.0029773627038254583,.0036913881555539537,.0049581543793092205,.006443417531524076,.0075369034496147085,.009152245261688062,.011077636242256385,.01229879999546255,.013378720563586894,.013790750345904356,.014806800430881882,.015866656360841256,.015442901818192727,.01756086737512166,.01817201016942407,.019389084534449118,.020042550354282453,.023012387008903797,.023382124934669478,.0238573339294289,.025086911254050107,.02338364038438143,.02093271000989378,.019146025287141932,.019266422209466512,.017270043020877444,.019232607839856128,.018515169961763334,.01666990051179356,.016491171856684503,.022436135788570094,.029258371846363884,.03262992898491892,.02583327432010603,.01722677261472192,.01338496379567885,.012308650855678673,.012578904007809089,.0143700271239284,.014524412020895718,.013877140400395291,.01308578363791747,.011753851005622819,.010193204008351497,.008311580940569904,.0062531317307815545,.0046064517983877545,.0031260290667037885,.002340797496362408,.0018787546192370246,.001963777703545853,.002235842113864225,.00272110804053795,.003050005618435621,.0036296455470237183,.004056533609686796,.004429418128419977,.0045934785293182435,.004763021947257155,.004961495673106684,.005085855527422367,.004634413002968356,.004664199570865051,.004059855429830933,.0037188979717418863,.0031229672066504896,.0027678812246011574,.0021583788261430705,.0018562367075270574,.0013260951689434055,.0010755208611333122,.000679026183271858,.0006583710752367864,.0005368536300708127,.000771528932590978,.0010505308006250817,.0019666778930649328,.003179593674866706,.0051879479562533465,.007880881812375425,.011468241373552785,.015007811178922494,.02042204450469109,.02514909472312896,.028160266634369744,.029510744667449487,.03131679907961367,.029615766290975138,.024074877253506592,.018484781355803906,.011968419865297559,.006252116276431325,.0021376142466404766,.0007083249371902283,.00017866685102740682,.00021071037613104072,.00017944912940491323,.0001752370877546641,9736249634518535e-20,.000154596266648799,9652334376505117e-20,9623318910034595e-20,8596758023353765e-20,9067262839632265e-20,9542857179202891e-20,6573078794611134e-20,.00037342406219225473,.0001724330139651916,.0001896863220542594,.0001649476738568653,898166668516313e-20,967259836905993e-19,39432660424254256e-21,.00015126457862410576,7675953570890761e-20,9949511949445058e-20,8699176725397277e-21,.0001313976765474385,.00012207454545282596,.00013939394241502641,3798476126973886e-20,9236647000624561e-20,19753734537950716e-21,.00014591694131835215,3546113151425157e-20,6816030876776809e-20,1515410381892141e-20,.00010741872189786502,30086754506530194e-21,.00021370937016470788,9081656714549027e-20,9625562248023651e-20,6828144979797883e-20,.00010108606875813642,8052903793129842e-20,657766486539409e-19,57095079358836845e-21,5812445030827357e-20
53513854251436936e-21,39542065314359344e-21,6441643170737674e-20,21863466873466096e-21,.00011035283103180151,5804958869870511e-20,.00010137522860991904,825298741803324e-19,44532162919188414e-21,6061885505705724e-20,6227553098046636e-20,43086989654257226e-21,7909339332730067e-20,4234295183336597e-20,.0001081304038617639,28817087266758295e-21,9677942075072062e-20,3674074237152255e-20,.00030159646789589526,.00013645102600614846,.00010573291069797139,765772482555095e-19,.00013042535231780404,.00011171092387146583,96265140212757e-18,.00018328598606955643,.0005030957211842692,.0009835448466087174,.001614600040469226,.003920590173528114,.013130734026233513,.024993975376692276,.030216347607311355,.025594602538973454,.017492184331542912,.01183550788664718,.010189252284144268,.009738452801198252,.008403419662430474,.006358258737376116,.00417037630794596,.002904415732415242,.0027011056696940173,.0039051856073779715,.005526115600950949,.00718166366744216,.009270202710282132,.011020481786918685,.012543022171138,.013560870331636159,.014052188291511383,.015114710781859171,.01451856434589503,.016396545098008756,.017376574755721682,.018076871296254984,.020467557314764483,.02230397918185391,.025127782442970755,.026193161494151573,.028181361309299872,.029078252430268153,.030852733092882452,.026671922721966956,.023701160237623645,.01953071660984578,.017025245006789307,.018410337818136033,.024489222857567418,.036868352425876126,.0389767032552167,.027854636235070673,.0169744270310601,.012023130890509201,.012799956893916364,.015188787824686007,.015696808029781212,.014613912677551301,.015540982172984543,.016609858546315477,.014546757089709391,.01444086483820096,.01332993428353538,.013037327219648205,.013288576424490989,.011857854825521064,.009925490717970574,.007539500520328498,.004782235252062437,.0029081088848832157,.0019508476145863628,.001804828096392728,.0021077245339113,.0025191681695558104,.002947103454853961,.003715675974963886,.004065911662581241,.004609190549186983,.0049957282270821435,.005122658713980736,.005434006041388248,.005445044718958178,.005598775099940234,.0054690555745758014,.004884784499592826,.0046198896721192685,.004087559389464404,.0035527513265684284,.0028872636036645213,.002520058955132639,.0018166333680004693,.0015472969089911253,.000992700413889834,.0007857189917330164,.00045395390991175694,.0005294087417467198,.0004869664277619731,.0007317953124722053,.0011627996292811122,.002158398473439569,.0038734104625538753,.006699418752217247,.011110971045742036,.01677750596978547,.02354214039132981,.03225776334248157,.03837520069144644,.04097692913987514,.03853514878554364,.031457238423397524,.023447218704921002,.01604605060281322,.009504925693723909,.004657957640739739,.0020295850447589513,.0006246338012269003,.00044330896617814065,.00011557818122254696,.00024179159394472973,.00011919012051637452,.00020090045655194854,9975370715596302e-20,.0001741670990555421,9511952655447233e-20,.00014637662672014614,7306458736590149e-20,.0001760843338150566,.0001788087628720768,.00010097468276219048,.0001522784415554586,.00013068374819684566,9586713422620938e-20,.00013503159772626372,27436727662247046e-21,.00010100654432434957,4092027579400644e-20,.0001211871431929671,611335579684882e-19,.00010483846031615736,4770404881713674e-20,.00019021727477450592,.00027771181219049404,7112050837191234e-20,8183316119102697e-20,7451127779922943e-20,4283923562056432e-20,.00010209004678676367,608772719372688e-19,8401681671495964e-20,5036557667088579e-20,.00010846581687325644,5023834501318195e-20,.0003325410117375227,.00012785953252093,.00013726489724290162,.00011749126387089748,8344547418827661e-20,.00010304819036372011,639337061937093e-19,9896786634756708e-20
305269929879032e-19,52739830050613534e-21,2779166065653347e-20,27863756912882632e-21,3177862636026591e-20,3287051996926638e-20,4125734903888907e-20,3420476689689562e-20,4470825740904267e-20,7821953365654416e-20,28081069422737833e-21,3937695996714926e-20,3599239153682405e-20,3476082343949194e-20,41729556309319384e-21,2567514280890573e-20,7933113168551527e-20,24951966924270522e-21,5641150071242409e-20,2138955550791995e-20,7839615950839696e-20,331184974375707e-19,6466181389695796e-20,2936380590973763e-20,7789938606519278e-20,36887901337600186e-21,8291443174067987e-20,4538125328107897e-20,.00018431812346476661,.0002845448034822733,.0006153248550842693,.0012423221490236564,.002508613240376116,.003944832527974121,.004826394578190646,.00444750580862725,.0037786462058712967,.004263357104679461,.012884065853753702,.02341192190591145,.027949045532929963,.025285156733317434,.016461509041113088,.009403742662546875,.004626146167181949,.0029901096520654606,.0029418492801182067,.003748181077775305,.0050373655448265236,.006168020328521745,.007119390000836026,.008035649416764074,.008891877835312314,.00944434320921757,.010402608969113913,.011168476363085792,.011886578130537648,.012659692095208131,.013090369801524416,.01496490858723419,.015321414026056676,.01617105638873483,.016621785375098543,.0172761394021283,.015538637937647424,.01447217526182588,.013124053459547608,.010168729892695209,.00873763763553223,.007838954135055037,.007277728626885653,.00731698485880432,.00732123401869485,.005668603734566976,.0044820971260114036,.00622992080511889,.01690683593764493,.03282369541814841,.038885818895253305,.02963623035608951,.019152137320380302,.013337750542107268,.009638584501509244,.009324215760417516,.009058621139642446,.009656550898601785,.009312819096390758,.008335357509367656,.007045086275325467,.005318555825034774,.003663620648505085,.0024975558638612584,.0017022163306745454,.0014103907234202608,.0013806817005514234,.0014039487952665437,.001729796278726151,.0020123772968482093,.002181888082747576,.002684165580843667,.0029354300890187387,.0031541494223712024,.003374210604552734,.003535315415904216,.003442704931694421,.0034326575938828092,.003293196745536183,.003082961600145358,.0027908281714717235,.002439462082327406,.0021351315034313103,.0017513363564794272,.0014188339710899914,.001103598379704745,.0008395042056112642,.0006338773719368185,.0004868672077177305,.0004084290731092094,.0004386503347937659,.0006224294867405193,.001056440800839096,.0017140319175404381,.003160584604899665,.004991347107908454,.007659525865369959,.011141139498672329,.015093314296023078,.018377513099207675,.021158489754323762,.021961285715765246,.020423511181265116,.017128586748965578,.01236800803234398,.00823826232173148,.004907224620612892,.0025221257982029495,.001177493302494029,.00035223487894981385,.0001077530211015846,9628974183135775e-20,6071195084466394e-20,.00010309815145175994,.0002273830411150288,6425539245972051e-20,9010938925990967e-20,55239217589671674e-21,5400346246519721e-20,555233947486615e-19,59670643378566416e-21,8327211755320834e-20,32666779752929965e-21,9702895911096451e-20,.00040193372748339496,3330842926154999e-20,.00039503036391180856,0,7845550264312103e-20,20109697265734523e-22,.00012905640787698247,.00011485478543992342,.00013395059284327897,0,6968041111005259e-20,6958442592255875e-20,5226056236476309e-20,.00010778373088433558,3684076848445516e-20,24643022695140612e-21,47545487756662635e-21,.00010639861550228057,31102757438959055e-21,20871593035140645e-21,4329455659821216e-20,9038808801106571e-21,7554018380169095e-20,.00011249588183015298,4039931083231404e-20,4951919885405044e-20,3793490094125819e-20,6585548530157274e-20
34298890999266795e-21,5087116349011799e-20,45435701095066925e-21,31227284296928966e-21,3368429971709434e-20,3896394147694563e-20,34885280289262444e-21,314325512459992e-19,5836685279999757e-20,6295848855437202e-20,6598911110736958e-20,3459748500021843e-20,4653202294163292e-20,3402385477943564e-20,59399629027801775e-21,3150272638882239e-20,8009243414816668e-20,6184605516534141e-20,4558891329136802e-20,37864205931930303e-21,6152943766597712e-20,4811806040339815e-20,7060868711579946e-20,3981714697229807e-20,7674588473170918e-20,4428017602126633e-20,9595597303883054e-20,6316922182786004e-20,.00011573730078833667,.00043403680623566477,.0011670083170004853,.0020164946128854197,.0028171941881816125,.003629563441136873,.004923656018327388,.0055301583340400485,.006593638616274522,.007403118545695724,.012396144090766443,.02013209047963023,.023457062091456263,.02190629346734154,.015137964254904095,.008856328839850424,.0046872405800077194,.0028697056020811277,.0027667100244942277,.0034547259139839142,.00459731613835473,.00567906613538924,.006995869580416661,.008112636577066994,.00911401694923167,.009684448207859393,.010342929061883081,.011203874580881573,.011087036792925917,.012015792513915994,.011793816826301195,.013564753683658745,.013874946761028408,.015155309333987354,.016848370182644515,.01735620663001877,.017961776796382944,.017841060145012355,.017661942216981346,.014951480374266591,.014280647352189533,.012625198328936028,.01089604901979344,.009249819339819025,.009532400363081778,.008896245748379024,.00928251090214435,.010121796974831487,.0160807908084279,.026803704586268268,.03252793716425052,.026854626741295778,.01786866655129759,.013220951461592181,.010796158752537156,.010774755844269176,.010526946173476515,.010541874717831658,.009888527476428655,.008807865515594638,.007520778198261357,.005891612966468711,.004323192765547377,.002994915604517946,.002024194299735826,.0015209032877224768,.001385852425264952,.0013767346336905231,.0016866737518686232,.001980548024688347,.002202054833184742,.0026279192965785615,.003029251372692947,.0032328204070342153,.0034320477407923703,.003635962448687492,.00372387681989772,.0035603871099586055,.0035792328329992402,.003318374689140466,.0030307570295805245,.002643472047272688,.002360175417238666,.0019315146876276066,.0016122082942570087,.0012248514859102373,.0009800136871338315,.0006818525630019658,.0005440824592789466,.00038426182801598287,.00039337612813778036,.00043497218711305996,.0007774190392570916,.0011558092480425932,.002199038920753475,.003488745117426282,.005551637283560054,.008075339420658396,.01171579143521209,.015000210115911681,.01911199984580217,.02173383989390603,.023373787976691193,.024510023148762845,.020944422931221406,.01730176465714601,.012656097339433764,.00761475385264334,.003489070599085711,.001001381767857727,.00020304448909870573,.0001354546576547587,9497117539276875e-20,7988700939565704e-20,.0002052603034506999,.00010495089581252213,.00010719061433467781,673659705185007e-19,6096206593357876e-20,5518154431588125e-20,7300815693935516e-20,514954876583832e-19,.00011697083465150796,4843262803208781e-20,.00034808351461878433,6870043944281543e-20,.000283170555526815,929447008586441e-19,9277118324883663e-21,6224591049834605e-20,5167192457968112e-20,.00014024340571411553,8711356082182957e-20,6203161800466627e-20,29895579052330838e-22,.00011819140950722393,1301846313449023e-20,.0001255487279752525,2614266342219743e-20,6120791965556294e-20,19102717486844576e-21,.0001069237052958833,3252378523602713e-20,4195358427940217e-20,5832918167787245e-20,3922447728531481e-20,31285413153617996e-21,.00012881036524335662,35287393683506e-18,6177041938431338e-20,3882603350001675e-20,6854627979614708e-20
31055638687406585e-21,8883052043207314e-20,15308183902360113e-21,7191259819486117e-20,17023721220383545e-21,6715227666759195e-20,7057410437117307e-21,.0001212937549522579,51944083119419045e-21,936908136049566e-19,7182283591059575e-20,5401695335791449e-20,41846248515383225e-21,8891992688466924e-20,5209983342479853e-20,9409793412090707e-20,7958851631642055e-20,567455902770871e-19,436190860402168e-19,8998522252015948e-20,7284416252332806e-20,.00011150532815475249,5163089435299775e-20,.00010416384113394187,6464190839374603e-20,.0001267744780594675,.00012505636427652294,.00015901196380632468,.0008355027917389838,.002314710225859317,.003494555054562379,.004746429217190258,.006369781108100617,.009365993969632534,.011697795414420968,.015095440109596205,.020240380088113276,.022267271075994625,.02001372302200075,.01479802975298548,.008713018345858003,.004923605946267681,.0027576554646028093,.002150669273716037,.0024256448749569778,.0031380564286768112,.004336885242205569,.0055128030324529224,.006667559621345313,.0084967017795288,.010331936603014371,.011384267027980925,.012282552104276373,.012572050904234435,.01296632503908909,.012868444681290163,.012819086823047799,.013668838491909913,.01413344302577957,.015658279994672886,.0165641620791298,.02100565897559511,.020664665119391922,.023710677430127367,.026141240827504044,.025318658367444874,.023398110324261992,.023114663230384518,.020607962420648142,.017784047321188948,.015739242407603833,.017957735860233897,.01861891644254406,.021077962135796647,.02585065871498982,.02748788393025261,.02488886554562305,.015995228030384098,.011326771333178606,.009683479848672015,.010786302925253429,.012784488067457096,.014822696321001924,.014524902355951533,.013239004264356572,.011537907763516575,.010262238219495292,.008650655575069346,.007115978994230007,.00547489199121368,.004034924231292492,.0026658411974694327,.0019811291866470076,.0015671901795198048,.0017332693476317853,.0020421070889918955,.002414637458221421,.0028362396969673965,.0033221329246060044,.0037200194505903517,.004123713428730474,.00421128417666786,.004363326087065393,.004693596973713974,.004524607143583232,.004358611049984881,.004256293732991992,.0036073394295087946,.003375054744642164,.002825007713556913,.002439875281442706,.001944635490189762,.001574838344057012,.0011860374669803169,.0008692015906231193,.000584260691717495,.00048115141024596944,.0004066882439201441,.0005016189802016243,.000731373855067525,.0012371597637817267,.0020766580899221417,.00313785585049704,.005146637828637924,.007370203273091378,.01052306049302394,.014895902611028598,.020807556289804983,.025994117886627196,.03074779375704819,.03640114338454329,.03487489979598575,.030419858402247712,.02309750775077586,.014319509627023727,.006158189403901228,.001797367869775992,.0004244737081951146,.00024957371000439106,.0001410941936327975,.00020122245986455627,7931263863755674e-20,.00016684279539766806,.00011352235539917672,.00011257495151284844,5897858743317307e-20,.00010951979440302323,6213106111772909e-20,.00011234903119093391,.0001246743977522249,.00033587413241522495,59412945763777535e-21,.00021649945725364216,3595292421326195e-20,903480009424759e-19,18750284836456777e-21,.00010759122336327462,5401582580641305e-20,.00010878068146373804,10349652048897424e-21,856750821650375e-19,20104139272972616e-21,.00013499318601729431,8879302178683524e-20,6100720995255704e-20,5176793757094884e-20,693451278174321e-19,8548070170577832e-20,42556686619583724e-21,3560815716773843e-20,7030216838506021e-20,.0001023464076601566,55429769553314655e-21,.00010229108592573425,9690273237003018e-20,720928547386004e-19,5716682089743603e-20,9973769932861651e-20,48492117026547404e-21,7031591566982561e-20
9996971173029854e-20,501854038667052e-19,42130646792960755e-21,6314776654203919e-20,21298597194453982e-21,.0001044015397263327,5852671642031848e-20,9245224883630349e-20,8308958321215473e-20,44458992978347754e-21,60863884222301095e-21,6051596163475074e-20,5755554374566171e-20,7723091729601046e-20,5761712017693984e-20,.00011573680053854452,16792720532665848e-21,.00010664681042352635,3171002303697097e-20,.0002899401919868864,.00012924672256936498,.00010561212010829349,7330441935810418e-20,.0001286771644682488,.00010997539545430529,.0001070229649229245,.00020892369707852283,.000854123605628282,.0016956388264698665,.002492462220773942,.004576395539760017,.012885525337969918,.02365793802699045,.02827139375482782,.02465507194215437,.017888144740746265,.011919075852308886,.008630942209665279,.00704972128288675,.00558339747872614,.004451840281799801,.0030838661301977777,.0025008495412414664,.0025964984176457145,.0038246796522160365,.005380254860743645,.006854844636082156,.008828475160173111,.010615715648310394,.012022610304100198,.013050715246241094,.01339637475941179,.014373807399934999,.013500973542723102,.014953964210300963,.015768284845759442,.016237524027378908,.01849836312486123,.020250842062148375,.02337345299367687,.024832407128775384,.026950251438069322,.028848304314961687,.031140017242993766,.02737244305607261,.025006444596557795,.02181526624890425,.018783086242302665,.01979061025000663,.024339267620434462,.03565112544881168,.03712822125511469,.027551066713053775,.018209709979783977,.012666971806938262,.010799200821548241,.01113178139574121,.012222131286419429,.012539465957621395,.014311835323863478,.016154759205114496,.014571757675718642,.014428468952173774,.012854615177033327,.012172179003051118,.01220383550938401,.010731537812032602,.009028070136962742,.006869807333871082,.004387315896345031,.002708475717309438,.001862216063781804,.001722213231446883,.0020547731083646733,.0024546840310300127,.0028590263682812265,.0035931525017626324,.003923725659943974,.004436104930241999,.0047943050000730115,.004898105861766725,.005167973641712681,.0052308131103266375,.005279523168856247,.005187814519039359,.004624151602272838,.004300548027122652,.0038256915231482786,.003313470398224202,.0026738616615801488,.0023279785564120615,.0016624339809619463,.0014338716576421011,.0008871351780473314,.0007196201236035063,.0003960346536383399,.00047148966855067203,.0004028394657135834,.0006179693039783432,.0009477844953793253,.0018034183950619647,.0032086152913448555,.005740208167512938,.009553458668301677,.014801667397568047,.021153804711325996,.030182349648065418,.03653043655584526,.04094094991111278,.04006962775772567,.03400265511939765,.026959021373774206,.018393658234352028,.010677240222025833,.004482040800874167,.0017262848519864504,.0005053130216351515,.0004524900278223152,8958212630642361e-20,.00025626781280249644,7425066258785786e-20,.0002298149196565729,893749933872746e-19,.0001723797877746695,7832097222985035e-20,.00015544144012516716,5499244646531065e-20,.00018975431713500664,.00016210939101285094,.00012246747252991252,9409595859277714e-20,.00014311960721229562,60369147232316986e-21,.00012831534313426484,26565676791387355e-21,.00010092423157798956,31410191201947564e-21,.00011043809336368621,45270149949824596e-21,.00010576318205265288,40697549057314866e-21,.0001849709883604281,.00024921065108786996,6706646973377791e-20,7200142109287746e-20,8441706176408689e-20,3413542841439216e-20,9831989234357032e-20,4725718156405593e-20,.00010793580742832921,6219398853367054e-20,9918837477770565e-20,4997184177179147e-20,.00030588735550249357,.00011400136473431973,.00013436237999894554,.00010772955158616196,832062427645887e-19,9358155550372211e-20,6852881164662444e-20
3903953291827736e-20,6629039570287717e-20,2781496975631563e-20,5842423955564823e-20,28276017156607977e-21,50477409780338186e-21,3150090010084802e-20,96178403713039e-18,4776268540914622e-20,7549877009559844e-20,6238973245193251e-20,4891456862104179e-20,4346085717771883e-20,8735084406453888e-20,5915658601839934e-20,9338178384964431e-20,7912173581355893e-20,4188121769581531e-20,7308578333668246e-20,702952055217825e-19,46489620554843536e-21,9103542394702402e-20,56916361492877375e-21,8622301575112492e-20,7207367331195502e-20,.00010552368756010118,.0001338645222471325,.00021278001401442648,.0011827345092243085,.0027751203431370247,.004339644828764182,.005483053912376037,.005548266527443109,.006088878939556587,.0071190502514637734,.011660188719585773,.01992083356303141,.024024959742957108,.022521405334267813,.01646558416987603,.009580160159380026,.005271698945354928,.0028470126718446237,.0024106804082900156,.0027488979640259716,.003563123521941379,.004724510066549189,.005678928904683397,.006842525077403867,.008459074797483455,.009868165662495591,.010845623415346495,.0116374453162846,.012096573969908589,.012495602930632803,.011958258408767634,.012397829257851694,.013069588630024833,.01326939196169225,.014648402420781373,.01594152340555628,.01884981861867093,.018721068173915698,.02136999906392981,.022489954125660207,.021765386508951146,.020636570333912835,.021186069110374187,.018388526379889903,.016564625183933993,.013046767963663816,.012355487189011699,.01256779295021339,.01741600719850863,.026526833577129476,.03189569164954205,.028508922674106582,.01784493434409264,.01214863206648764,.009772465695890633,.010041216990304205,.011854642794740767,.013542320283225617,.013461553821612253,.012066765100844172,.010235560186855648,.008488814588246704,.006771878693747508,.005265252834555987,.0039759907105920995,.0029424340191048486,.0021646060781940054,.0017285532440480516,.001558882940108352,.00177656619194865,.00208512570888124,.002402716760634784,.0028183094068088303,.003242587612594937,.0035527219566753427,.0038520617342767704,.003981435323822129,.004013041664062829,.004282562568521354,.00396248947620113,.0038770142819841437,.003639768222917941,.003086090112501836,.0027908544516611314,.002364788105543276,.0019519481676757427,.0015619880916453905,.0012164352487583016,.0009343019419978841,.0006575282556658241,.0005090539776746159,.00043715563165656467,.0005010623289055311,.0006808316041223523,.001164751782692108,.00193051512699776,.0031209457538854336,.004591105157112982,.006906108971946166,.009173186079702352,.012180754094928026,.015752287748226748,.019622021571409274,.02315307012388956,.02726000233703309,.03052747661972652,.029381009275140365,.026057632132732073,.0192779360197945,.011652243316067302,.004455853789067657,.0011843191779450832,.00024335235856263397,.00019654161467748936,.00014357344972153264,.0001952582397130096,5602010735870777e-20,.00017036252334151942,9205373699499343e-20,893586413659339e-19,57240274039263904e-21,8658859443147402e-20,6947460218669705e-20,7378524460313352e-20,.00019786621664851845,.00029340856095305765,7799414135191749e-20,.00025793044423229236,0,.00011128657634987228,0,.00014414301031989956,5068498418531715e-20,.00012058572010821584,0,.00010828354671915823,228100726939347e-19,.00011609736179349875,4462480974958585e-20,7307834882781338e-20,21083789924922265e-21,.00010133590999089299,610417993296511e-19,4982820667789668e-20,11294405452146875e-21,9966537346806397e-20,6724537057122689e-20,9570172932849851e-20,8337581869815702e-20,5222877140008149e-20,6192891124788678e-20,50933512644194674e-21,798762825577921e-19,45167249827450966e-21,5635753275626618e-20
83322609781473e-18,667828063150822e-19,7062340549862414e-20,5649642322264061e-20,950623392481995e-19,4287962695783209e-20,46931046911041026e-21,52669391992973434e-21,3166720110925373e-20,6263714979065514e-20,7935535810815705e-20,5480879818263279e-20,95228361011008e-18,36902801427212706e-21,6174931840255452e-20,491540461542823e-19,7628541620246391e-20,7383998415942108e-20,767839272572315e-19,.00012902005008540068,22553577980291465e-21,8891841427052125e-20,46408779519324476e-21,.00017848146832618678,.00011941123758964563,7753321307765999e-20,8598004952539038e-20,8807996004896588e-20,.00012088898228811409,.00010305449239404545,.00017830345919536735,.0010298284305283111,.002571679919013031,.003895222830997651,.005380036771294045,.00972504486228635,.016053908199897986,.018902129016570908,.018506823419448617,.016419978252312985,.013422368015467779,.009892517435061898,.006723474873389153,.004173204956751296,.0029452954032349737,.002025449956273544,.0019023126230661173,.002233470017604946,.003202677753187696,.004457021122506794,.00558156957610554,.006953420966479435,.008797462543371286,.010062980229238374,.011118944829004308,.011424701667969807,.012034735973859458,.011575136718514486,.011410447077500111,.011952519256073912,.011612734053996945,.01330313986617301,.014250737776577153,.017214553151779128,.019944825274720388,.021558417551746957,.025133762425008394,.028202600215700764,.027101999543493946,.025397925371332123,.025113695223316714,.022143138699086778,.02122958256024034,.021421699618047765,.02696553743101017,.027425680943659252,.023353656804897965,.01922376187475196,.016113234405258695,.012673337456409691,.009523583322472592,.008619849830027929,.009036455599080607,.010958326858755009,.013528314995057075,.013822927601222196,.013800124952733047,.01237707700156549,.010667576265779846,.009891666373532533,.008192512324970964,.006736581833059478,.005137090667410921,.003420913458874501,.0021894365067339928,.0016311196341486785,.0014592024501923835,.0017254191124052897,.0021032742593081665,.00243163949038283,.002979431669499569,.0033143663606290228,.0037609606080581752,.004049449833296533,.004145234418165605,.004349611246627202,.004515545319750547,.004373563817282674,.0043386706163465304,.003938541968164765,.0035353220382697455,.0031254465165373993,.002725879967761052,.002191601806946336,.0018685872895382698,.0013340934973218382,.001133652292205223,.0006954545100140084,.0005481779371194208,.00031007833985300786,.0003212032269507218,.00025107738411215115,.00039526149324313215,.000549947086656049,.0011084688178423883,.0018436672497388678,.003529504335555716,.005712912689111352,.009537938537935315,.014051510295854908,.021885466105805815,.028093865051367677,.03472995002618912,.03940401311606987,.03650048459432699,.03305879673467104,.024981998375908577,.015552757594566102,.006711764183662277,.001986217237997771,.0004153644686289179,.00035801573807232135,962108545283759e-19,.00020642671584541325,6843908300740367e-20,.00019139481079224284,.00012215328629650298,.000132188799373988,6323289527595268e-20,.00012574071804180337,5250064179033173e-20,.0001420743318189572,.00015783853694075896,.00013876439075163113,7589566263143378e-20,.00010973377571599827,7456350594679726e-20,8929858661908212e-20,30438564035609304e-21,8330274332416057e-20,29147008674481195e-21,8765904173897016e-20,32075117588723474e-21,841209630607628e-19,25390421131066145e-21,.0001445640289149174,.00013753266296413584,734492883895618e-19,4174967449409687e-20,9063827848337547e-20,29016103791723905e-21,8072336995270116e-20,2959198917816262e-20,.00010124626321754626,.00010399641252495595,8298134951139403e-20,4259117883554604e-20,.00019978715399850496,7277912936568353e-20,997694976615112e-19
55552987117669417e-21,6372567920546855e-20,4172548850342609e-20,6905178020788826e-20,5143779002850433e-20,5046182682297843e-20,3068555244115479e-20,5356350675810558e-20,1826430747270617e-20,6925008576772566e-20,4162957207829936e-20,56251412679019735e-21,5744988912088572e-20,3509393446164303e-20,519757728953245e-19,41219047843606484e-21,7111464447730359e-20,6802403414219776e-20,7650164646710654e-20,.00010992653027697205,25637956560851676e-21,9111903925772802e-20,.00012697313354905878,8485167663708003e-20,6273016078521113e-20,8030313759589793e-20,5521012185719311e-20,9367906314801303e-20,7718199310601795e-20,.0001200534689872102,.00020197820193207995,.0010995645921892704,.0027213675382436174,.005173156868796927,.009152901235684937,.0127586901739012,.013438004770735241,.011597258036884753,.010354528444345338,.010458293216157542,.010201465318886853,.008009177017283781,.005051664363234503,.002819404058347369,.001827678780432344,.00136751023265925,.0017020234882002326,.0024112671789173457,.003352219519475118,.004327778437099521,.005164629049569702,.006072778298507502,.0076740381795204204,.008268799487111766,.009236959697773309,.009206165398392224,.00959637808303029,.009926661904699763,.00917847423800243,.009444223981647556,.009828508080014602,.010619665110026402,.011169404806245115,.014293414195592703,.015495883591141433,.01772961086474378,.02100509884086127,.02171332576875746,.02167267503562012,.02046351722322247,.02197607919558727,.02101960901022354,.021874908068597567,.023741952818939222,.020501968802127294,.016810066996811066,.013797059275569531,.013967768472548662,.014075654128453071,.011536765903552567,.008322803138891562,.006667962179417242,.007613581018400456,.008788450955381489,.010247750814675556,.011020977383498314,.01101202854611932,.010156721624121096,.008768678770139685,.007254982286064275,.005520570765298663,.004158140870524838,.0028313848974459033,.0018473329186805072,.0013522500091277287,.0012612784119926702,.0013016577935978544,.0015969408541241655,.0018770455163922449,.0022917335277430227,.002499622138402869,.002901957437184276,.003185082129255348,.0032361823155719724,.003403104829066976,.0035445786569307846,.0036032671883870254,.0034381624934361494,.0032072818085267145,.00300923328284688,.0026092239535428813,.0021952281785689544,.001904765754200904,.0015539996009507275,.0011989779162235239,.0009269529788430229,.000665824789275294,.0004564589843697065,.00031042027298436954,.00028179941816704456,.0002364793087115401,.00030555639074871953,.000490183301489713,.0008758183804674506,.001486601685047979,.0026518638430062472,.0041666881589687114,.006242283624629809,.009407597709625721,.013844878732880523,.018473222820976132,.021874748607463763,.02739329295998132,.030293244441706106,.02841632331796384,.027199691412732784,.02076593841324228,.013062597346174909,.00562623019756345,.0013796187592627427,.0002916824731592294,.00016388364326175712,.00013490725442481507,.00011714406159531706,8996692800919066e-20,.00012106603896192483,.00014595564118196022,7459880240663886e-20,7018238340604217e-20,7446273208814887e-20,6556318244090903e-20,9346441246925348e-20,.00014559925404117685,9034995818111656e-20,7389303705518519e-20,672191489950845e-19,8604881337353472e-20,3676130854197176e-20,5793756539679834e-20,40462338163546386e-21,6150555246095096e-20,37776852494990655e-21,59835860461772674e-21,2651542961758604e-20,.00012599704323557596,.00011200456189783919,30113809706651965e-21,6041473083061742e-20,3055372001958759e-20,7397873442309816e-20,3879636807223602e-20,5486996954590271e-20,30276274488641356e-21,7423749246273009e-20,.00011807747528500108,692517140312891e-19,.00015098047054526217,54920049015951416e-21,7308392508854535e-20,710355211994548e-19
6988872660397243e-20,4024888881785402e-20,44693693810282515e-21,3358512201165805e-20,4401840714129641e-20,2440687011884561e-20,7730756726804476e-20,2492192521045293e-20,7940969333927113e-20,287211303710026e-19,5341333024823022e-20,35208153072803353e-21,5872627733724207e-20,6229427447466325e-20,6503356194737133e-20,891308951101927e-19,7274590196465583e-20,2734428214113779e-20,.00012507342601217138,.00012272806240054188,7542540616334917e-20,6168021634301432e-20,7559054346094038e-20,5763791025100122e-20,994065570554323e-19,7747588998357826e-20,.00013200461583852123,.0004226418922959166,.0016131215177719517,.003181644321370287,.006290012236082041,.01101051943881265,.014442173466047795,.013878481375312354,.011690085592383359,.010324609621850481,.009632997129055089,.008398405254494305,.00601123868000408,.003686452133918976,.0023563799350378913,.0016187773364953002,.001480771719989299,.0019477718661684543,.002781228649370715,.003736264486505585,.0047270690510347844,.005479394956346283,.006780593737570976,.00801281954034858,.008567425387424516,.009358590067943756,.009056363256263444,.009822110686871378,.009606850138890522,.009483485074611674,.009792458292072783,.010755961616920594,.011278123667698823,.012803206523138742,.015699131677876867,.016146489368347474,.019597890465774145,.021283127241289525,.021232909457558763,.020083113044977688,.01961892566851662,.020417013271980845,.019462343271202914,.022426047564656843,.023590688277343015,.01960811207393829,.015582411007721389,.012929460983463155,.012843533123343394,.011518946832232068,.009198929635541723,.0072887414240366604,.007049990060839161,.00842279884113759,.00950477967703154,.010523210904068927,.010705245858642111,.010247543277265238,.009265681814444591,.008188104313261035,.006637435836455359,.0051829167043183355,.003793086194588782,.0024951089017940914,.0016183118191197715,.0013003990512475494,.001230015736032624,.0014151747500225102,.0016847904619600354,.0020395275188357857,.0023957916979031745,.0026069449992839316,.003061608049365539,.0031955321126831988,.003261532157989474,.00344372577322612,.0035747307904815534,.0035474109132025153,.0033356912612096264,.003129721211245747,.002854221357582298,.0024526248175589798,.002073614085352675,.0017891659839700245,.0014107311181412213,.0011037468124979752,.0008377268121065167,.0005874219400749419,.00039056351845361947,.0003022051127412,.00026745988650507443,.00025720669784980177,.00036414613262256645,.0006361064469848757,.0011043191033922165,.0019600172109590806,.0034216553343109427,.005214597348803276,.007886257786733986,.01174753652957904,.0169289710395088,.0207811686497807,.02425611564274879,.029103664293097464,.028169698514590665,.02609775090709876,.022625811942671537,.01527751376585268,.008473886164238812,.002737783362091793,.0006764781959795165,.00014596932483486498,.00019496893403850342,7793220633289422e-20,.00014217852528835374,6204582876405983e-20,.00016898443180614692,8205848331738456e-20,9449863090758216e-20,4803695401452131e-20,9660672710638927e-20,4342528510745515e-20,.00014729648413154526,9281788967472811e-20,9773551016920487e-20,49597577303546764e-21,8703151390054576e-20,59222441212042924e-21,4628256790679998e-20,4667894836991357e-20,48893158680468865e-21,4973389781626173e-20,48639156553970694e-21,50395902474897894e-21,43356918291853104e-21,.00016741407019417887,7332597935023796e-20,383139371700518e-19,5500678285574438e-20,38786697084612436e-21,7051463681340893e-20,296385845239809e-19,644065951629076e-19,2100305104797952e-20,.0001163254087356812,6683516237481212e-20,.00010922826299600046,.0001447907274757411,4093589928817803e-20,9447573840186917e-20,5527361101227248e-20,6776583689626106e-20,5233215233059482e-20,5107208049313967e-20
7117714965239542e-20,9667160662626342e-20,4120909797145837e-20,5008147553244658e-20,52630215642033373e-21,3062231703111275e-20,9452444010503261e-20,47137627252886465e-21,8898126856166648e-20,644056764722763e-19,4330065403042072e-20,6274051370340197e-20,4939202317572299e-20,7692882001938831e-20,6631918467445479e-20,855907062964772e-19,.0001072177971971276,25151506470463655e-21,9458793277564373e-20,5079454615577187e-20,.00025605699160656504,.00010301898928850498,.00010173508925263985,6805605934687506e-20,.00012341210034685264,9630804293107611e-20,.00010862750524148735,.0002678756650932089,.001168207855830658,.0023842912862091074,.0034042265243258486,.005690521768121279,.013016034474049594,.021394741356667767,.02394812359231505,.0205179798395257,.015662360844976176,.011107915931096501,.007825496987895687,.005509691819853619,.003796413155364518,.0028600117161569475,.0020829008805341204,.002007195874750199,.0024782962446241886,.0037466566805591833,.005136036671397798,.006423905665593218,.008197941993439062,.009759580868722962,.01099182427164804,.011859572940492233,.012181427900838001,.012946250115991447,.011878702991470385,.013048193001173877,.013219110783498236,.01374883503249513,.015451349072804935,.01735373758029442,.020197997089172175,.021930517378102723,.024346388941414384,.026872985583871332,.02933554031581878,.026296392749018897,.025022797252235045,.022718637805437415,.020298936521450105,.02098171535416977,.024367245030656303,.03283077769654849,.0319526184920268,.023405916982603744,.017089742364238342,.012975255871453043,.010658242917275643,.00919171442362185,.009541572110689582,.01021106723429163,.012648775217831578,.014399172651485328,.013638419085271214,.013703539190543457,.011864131202243076,.010933648373587715,.010384896101057485,.008754722132999222,.007262411318944835,.005365665675747566,.0034148441118687666,.0021783850191008642,.001627600544314032,.0015877587799582346,.001954834510340491,.0022986239114570414,.0027269887886802796,.0033234470360796633,.0036416270845496326,.004077863667675648,.0043643604069054775,.004464933746988752,.004663737278198294,.004697765235765621,.004724209099151566,.004528345566864804,.004088114935742635,.0036938617180831347,.003289092010964069,.0027985612606095836,.0022677701284086246,.0019119606549692838,.0013659946659446338,.0011673632411118185,.0007010134604450585,.0005748261574656561,.00031043523378118394,.00039521116342292647,.00031992900863481096,.0005364369955245527,.0007945924121892381,.0015661699480681438,.0027264424474310275,.004927724820148536,.008207270370701281,.012681951872915086,.01840694377495213,.02672935365033481,.032766982872758074,.03808727242293294,.03820514131755198,.03410105127795328,.028751305885321893,.020256456157487363,.011884751820306296,.004740892401530772,.0015348619854526511,.00040818043825697467,.00039134194879965296,7704721624949847e-20,.00024206332679643102,5153551121909105e-20,.00022843148452134044,85141083094178e-18,.00016068047205007295,6025458435342102e-20,.00014883548426717678,39360301625903774e-21,.00020117261011953332,.00012369737567505297,.00012065690650301042,7749995686983246e-20,.00012017330539873583,6314651588505307e-20,9698411454506217e-20,3060477003022841e-20,9072480484775253e-20,2964292799177565e-20,9838555078426653e-20,32989800062034356e-21,9633917266329728e-20,3522918183249657e-20,.00018033390269184206,.00019348272295360632,5075559526860321e-20,6882277140999102e-20,7299790495770451e-20,3798617029181517e-20,8632248415423574e-20,40194123255301624e-21,.00011156605102448051,8531655225361818e-20,7777649913174133e-20,6753200189060185e-20,.00025897302672285176,8005782408337494e-20,.00012808739369670768,8069024018970065e-20,8388515024564393e-20,7590256851161045e-20
497150890974992e-19,4710051259586896e-20,44051519468356265e-21,6910606732221142e-20,3204173323249888e-20,44124432717021584e-21,31478556259163215e-21,4018071936773094e-20,23704895310929922e-21,5366697051280788e-20,3023953656812162e-20,57140155204659934e-21,3121261221031405e-20,51903935803283965e-21,24892361835609284e-21,76307776557083e-18,54129317798113715e-21,7899875069350059e-20,9897482295907501e-20,48457212967206404e-21,41365340598424404e-21,.00012141889426835653,5722762930909074e-20,7765249537070684e-20,4881995175197474e-20,687163373817713e-19,52084528907458864e-21,7937084050168605e-20,9040807094070983e-20,.0001419189008548631,.0007605088767206456,.0023580726285511405,.0042232945671577815,.007068121293442637,.009430844995487546,.010112254471507747,.008428466816637595,.007584581730080079,.008669918849817927,.009416865511663404,.008170327377046429,.005557335988932735,.0032608079394097966,.0020034543389081567,.0013789659270648526,.0014106759116171684,.0019304133374239774,.0026076624003780755,.0033569832850112364,.004110676712450159,.004650088579441874,.005920150304832884,.006694497841324042,.007481419453563676,.007809369670807769,.007794570379073574,.00819827843425421,.007340911924632792,.007178258196392193,.007271176047454799,.007705664459777948,.00840132456763351,.009978909655600167,.012553963882534784,.013857999429766735,.017226135435208338,.01905682294973521,.02012272021502741,.019175252636431342,.02067178468865577,.02047568281328685,.01973000706413535,.019920082282158077,.01724059791042995,.013770609415681914,.011290597789438533,.012643150987524844,.013385571008661896,.011977192992666577,.008281188161895279,.005972571698593757,.005832965306509585,.00690848667460526,.008066308101856571,.009679183567697832,.009890286776962551,.009206836027989704,.007642682903163789,.006212317914312227,.0046396363805097166,.003544740141514184,.0024741452486703205,.0017582709488631369,.0012402794542214764,.0011553438691604997,.0010857265114911619,.0012908218288887538,.0014926895467812327,.001865790469081448,.002006501399046481,.0023330824910590495,.0025923787346648726,.0027234766489461033,.002805443723077839,.0028927263605065924,.0030139362093278958,.002925205487591652,.002655968756972433,.002635308793186506,.0022048190895235086,.0019164540630951924,.0016226872439607043,.0013809261678408805,.001029915620411713,.0008360528560382374,.0005889820615752863,.00044460097961293257,.00025724966375231947,.0002581097775846311,.00017277758058791397,.00021263378977155615,.00029535694750129865,.0005177723477156422,.0008892317095550112,.0015437977931771424,.0025570374697533385,.003826441058856774,.00579691810417197,.00889510262104268,.012993689778258436,.016884097851934555,.021519863452628248,.027311766072187268,.027654447214366912,.02761645877673888,.022924168442664105,.015214421227145385,.007308016876388998,.0019180403152234914,.000400056428409001,.0001285107147006991,.00015465918411034573,7768148575094023e-20,.0001025187430048557,8203365619014849e-20,.00015677592827437515,620067857107073e-19,6559007361551536e-20,53762222054637764e-21,6499272966175481e-20,6001295791480481e-20,.00010786218066166086,8687884519115825e-20,868281708575238e-19,42721045202193916e-21,972964425388963e-19,3408276808693529e-20,486151954231954e-19,3462596342234161e-20,48867808172404824e-21,3681053658216278e-20,48443205303374795e-21,30003512780187815e-21,6463338174215289e-20,.00010667720058499376,314934484603156e-19,4381876373290732e-20,3611764112385395e-20,47644436588907374e-21,5231708143805417e-20,3354988898465072e-20,4264195196866905e-20,38120487743396555e-21,.00013534854455824697,4111931728504393e-20,.00011393460814194216,57590549629755706e-21,57629805245682884e-21,50869177141014954e-21,53742360187771686e-21
4065040141179333e-20,4233825396249315e-20,4265212333956072e-20,627007375809891e-19,3136365724804829e-20,3833173144371564e-20,3676623625539551e-20,28248546561306943e-21,3895332187975856e-20,4102036238308494e-20,374223898043819e-19,49947168870569995e-21,30346176102321314e-21,4580917486077808e-20,31876610800506464e-21,754856958771687e-19,5658543199357049e-20,8173062313428991e-20,.00010569733846231143,19155929039792757e-21,9157785990461964e-20,6671739779297332e-20,49510332705099526e-21,6873360027073643e-20,5245070160353244e-20,59764947989867886e-21,59446960971419985e-21,7685216704677175e-20,.00010005422199847673,.0001990816353711773,.0011754042472567779,.0030413557022181134,.005417093733263523,.00762014675416807,.008232200568144723,.007678075840449659,.0064067991993764575,.0068803854772995195,.008635004867561727,.009317935478074676,.007592174535874453,.005037055050548489,.002955146062419815,.0019009551096051051,.0013585713274423213,.00153613831381744,.0020121588405495167,.002630973979219637,.003350620383461873,.003895187335268843,.0046289164407518355,.005843797053827695,.006409756158717921,.0072543438708761445,.007144203123811495,.007742304332283576,.007436604190645801,.006475186975307754,.006582812435883782,.006333627005907054,.006754605088017087,.007505472193318745,.009658619722932521,.011567506222802138,.01371303462431975,.016495032515787298,.018597131136304814,.019304883542990193,.019046416881556658,.021280487910348523,.019877604825039176,.01999782086625241,.017154478757079428,.013797721699345959,.01149922032909344,.010789961878123196,.012820031534779728,.013318231799634808,.011346726896766506,.0075985340905782755,.005737939609660198,.0057881367713356726,.006581500927916406,.008231420945126699,.009395221557146727,.009632784939752401,.008670204083844913,.0067989636322887265,.00528780665239941,.0037204020246896217,.0027322833311032727,.0018796976772616695,.0013531541840711499,.001061700370316663,.0010488062684697512,.0010474676135125477,.001256566720282642,.0015229583675446668,.0017729245081855218,.001955759290465801,.002285301827233661,.0024486281428087032,.002572277242881283,.0026850914806165905,.0027500517794168114,.0028334942818458485,.0026134639059186148,.002489005778859951,.0023612229538354465,.0019382577246705726,.001662973005127846,.0014590812892749413,.0011363910838988673,.0009051688615283418,.0006434198996554312,.0005081596093529416,.0003105687624598392,.0002473388617896958,.00018033537687045281,.00016755697067584615,.00018138727424910452,.00034633556528009554,.0005044347934774318,.0009835064010711046,.0015227781410958273,.00247324527743723,.0035746898241001096,.005848345612181906,.008401835030426815,.012287577813343735,.01614128982082364,.022081821960805357,.026894668904654903,.02721939002698298,.027353355553626165,.021366553594240546,.01368315132806184,.005611604385416948,.0013394000413743867,.00016451889263099446,.00019526019264207148,60689635002154626e-21,.00013474842700804935,35159573039967576e-21,.00014610173183501519,9962493559748141e-20,8108040926880608e-20,25329718822964172e-21,8680795432523819e-20,21100746920161864e-21,.00010553879843581848,8082158909309838e-20,.0001004916077016736,47202841247876223e-21,7454763504251288e-20,708772711341089e-19,4558642489926278e-20,28634080559473474e-21,5065808878158375e-20,2709295972573332e-20,5377566697547212e-20,24683856148649863e-21,5186920421370793e-20,6697063277370888e-20,5614538627308594e-20,202523870670589e-19,5330244573967199e-20,1860943965732342e-20,6982053836571794e-20,1959158684014141e-20,56226486842797006e-21,9041466992568126e-21,8656603266431327e-20,.00010603261092359346,7432504555988952e-20,6088875959814917e-20,4621401952762529e-20,481883337016366e-19,42736412972766226e-21,47129539594257706e-21
6090282345517594e-20,3222938887426665e-20,37018894013520275e-21,3623597912323668e-20,2832076533350791e-20,3837948552669144e-20,4666954009929174e-20,3511745829159338e-20,5441438654779707e-20,2990815144070946e-20,45204667251649356e-21,34313853629360945e-21,6524098753379072e-20,6153252560211015e-20,6635828722603896e-20,.00010458719605747945,221587086223003e-19,.000101748062848231,8615603869644678e-20,4417535745537777e-20,7190130196189208e-20,50331773729419256e-21,6386897134247808e-20,58024473220120986e-21,8285240804665686e-20,.0001029417032658571,.00018835499544184381,.0009765319305612401,.0027543087228007277,.005589035707238674,.008751974226456028,.009873236037117122,.009059647115701695,.007371761384777872,.007206209790663399,.008448888559354936,.009086169772450374,.007400141703378395,.004932284786981063,.002812631473969344,.001796317856454933,.001332934382312638,.0015787562315003395,.0021426805189931376,.0028173771345508924,.0036056561803291098,.004199337610219571,.004925264218018047,.006176143412452318,.006747068829474457,.007597127040050308,.007444087724017875,.008112439113483482,.008149091309252397,.007279183324835169,.007610279674240436,.007646174152508718,.008043652117036363,.008757718798938842,.010841966045777382,.012515525168495457,.014520662126790243,.01677493152504594,.018283496167191205,.018707207391798392,.01801829180758994,.020282102234819088,.01948184039141455,.02065714380276464,.018875017160678704,.014670089081898298,.012034590739784096,.010772477800926734,.012295997759615748,.012765517516118782,.011102092161816752,.007657041812417948,.005936525643172562,.006204475124047494,.006807479515458812,.008331648550185543,.009303285896243215,.009459450941620443,.008877129512479986,.007179580400956775,.0057988167807663145,.004222277349672754,.0030952066120817213,.002123102135768047,.0014951126521646075,.0011347706409278995,.0011100151227214103,.0011102354344334387,.0013184935185352577,.0016110015984504306,.001866365803619523,.0020560346305796497,.002409174149508254,.002565267421814299,.002678346735883336,.002798336280520553,.002894868808452176,.002963264024379697,.0027605695975896653,.002605628114008361,.0024822571936250993,.002074833084079286,.0017593582471289119,.0015535200000862616,.001220165277169395,.0009831385529578316,.0007107409169148911,.0005445604586440765,.0003531728516640075,.00027152234272534735,.00022392580624241995,.00020226783066290864,.00025569006105635766,.000457218448389098,.0007318415499792618,.00134940247215619,.0021749372418510505,.003372664943131167,.004810900142403327,.0074950855647594105,.010423538312711826,.013784845231169402,.017078315184633007,.021803233748402158,.025799374969876908,.025247524334246374,.02496113126770841,.01960560803652388,.012702900083824529,.005488898397438205,.0013949218512730314,.0001975652229528551,.0001845048920928845,750244574597981e-19,.00012932785962186362,4905466904071151e-20,.00012815397792602864,.00010831381238544658,8120007335468452e-20,3343255485562694e-20,841621124056852e-19,29730348960941725e-21,93937512732706e-18,9171821314972791e-20,.00010534139165590592,4605651298850274e-20,72880123627899e-18,675372804576495e-19,45496615982898274e-21,3240019300896338e-20,50260606543796664e-21,3339462292962785e-20,5199015535722285e-20,30095386807604504e-21,5198875427366728e-20,9981993031637817e-20,5563328141665848e-20,27328185220024224e-21,5128850845686034e-20,2209042887715834e-20,6813168021836154e-20,27636730922020047e-21,52617652437475026e-21,15246161974963845e-21,7326602377635973e-20,.00010093022587227056,9622163904514877e-20,8105374147297537e-20,446649690010993e-19,6230820080041654e-20,41505901875884856e-21,5991128102946177e-20,36535677062258704e-21,52084656990151645e-21,3716707418258589e-20
