7882288633183774e-21,11952649170904078e-21,8315009810828562e-21,13122211363462418e-21,8956668738525146e-21,1745680029972853e-20,19062599550076034e-21,55942364548444966e-21,0.00011291766478805454,0.00013987365277459566,0.00011964301595531482,9350355248505486e-20,0.0002868160363261524,0.00038626283984609876,0.00039587321675804975,0.0004453503634166661,0.00043691484283374626,0.0008828668573546982,0.0017456240472888656,0.0028568702692020774,0.003969405005070027,0.005181526422372216,0.006269454290906976,0.008476203669824177,0.009991297527777693,0.009954268579266045,0.010059807545259088,0.00984414000633747,0.009229244929081983,0.009612892829264436,0.011021179045411354,0.011489360747444333,0.010289930034885902,0.008649580652206874,0.00782630251146236,0.007590628955867967,0.0076618470797457814,0.007897446497986347,0.008267762643869376,0.008726598711637909,0.00939172200476578,0.009783639089220527,0.009983031308263925,0.010267158772181081,0.010962129101082942,0.012096578074122122,0.013704129114769807,0.015359953546055459,0.016833286656616885,0.018016527588301603,0.01887022593216235,0.019032526967705278,0.01844082467814662,0.017284117954774657,0.01577606875671927,0.01429699889812172,0.013501664375447538,0.012910697908228672,0.01238487247217957,0.012135478417674482,0.012349598782034866,0.013431519351057714,0.014933109985598698,0.014156029109139401,0.013421364084213707,0.014505005870315479,0.014873200301852256,0.015938690889215856,0.01862131547193332,0.019223841983690693,0.016063820559188424,0.012047294111461184,0.009621861108427882,0.008183211784735411,0.006760780865053826,0.0057751112547104475,0.005400577276412256,0.005276778722485819,0.005279594583487227,0.004996453120549267,0.004061329588034392,0.0031434803794582666,0.002657508983763482,0.002453348912543391,0.002512231600256194,0.00270720080310065,0.0028437919233042894,0.0029413009768204756,0.0030609414542032984,0.003128811339598229,0.003143145552079656,0.003095970686178701,0.0030127196071336885,0.0028788437739504626,0.0027161200895596655,0.0025117666739381678,0.002297810689462353,0.0020638475207932225,0.001843539601970513,0.0016219154398342589,0.0014363869727518968,0.0012729074498148381,0.0011765302595107365,0.0011330266720596851,0.0011924083402187666,0.0013389633645808122,0.001634028565219782,0.002074352024157677,0.002761700505190492,0.00373061456733615,0.005146330042006321,0.0071078103246431405,0.009621560649658068,0.012787466723682094,0.016169316082337123,0.019146976843048818,0.021316554124788972,0.02204716074762555,0.020914559199966102,0.01796869922273927,0.013833646314491294,0.009101067372949535,0.006093427837343192,0.004084132804771586,0.0028715477319555876,0.0025226591555259728,0.0019479761853838894,0.0015223973447745663,0.001398197262258756,0.0013258831005859785,0.0010612483017259694,0.0006921937918423315,0.00037706574140494796,0.00031750629772195224,0.00014139304811229786,0.0001364571511824654,8614779961366726e-20,52921260660200764e-21,9018910748865325e-21,26469336741659117e-21,8639210218969358e-21,19302363773305772e-21,7831368493694956e-21,19966709803825872e-21,7387755620564346e-21,17993047301317718e-21,685393994405397e-20,16498369527997926e-21,63658616061281436e-22,15238465933483033e-21,5986461922761041e-21,142874362051145e-19,5673569282915657e-21,13501167580472873e-21,5404108961150244e-21,12873211814272599e-21,5181803115945655e-21,12372900454764737e-21,4656296282034455e-21,1185062871797398e-20,4629337918643178e-21,11475455276193547e-21,4618366811458914e-21,11183104698474557e-21,4634972055422921e-21,10955036963850935e-21,4686827021487342e-21,1079234436077346e-20,4788896141070644e-21,10671156709168083e-21,5022474188483624e-21,9429646088752715e-21,5010605171869425e-21,9621259001252094e-21,5208349351055651e-21,9939587780722243e-21,8131182217931947e-21,1262734931100856e-20,883098592234589e-20,1206259631824393e-20
8828925761077192e-21,1133998629528557e-20,9182809585483404e-21,12474195495047943e-21,9868152810288841e-21,15969858610991163e-21,191268415218171e-19,4778473324240786e-20,0.00010885451043116326,0.00013974271448875548,0.00013004738137220717,8750909502029803e-20,0.0002568034381966525,0.0003957906872447539,0.0003911536013723427,0.000458834577500366,0.00042494068683076545,0.0008044020886456508,0.0016260590159239362,0.002748674127692097,0.003863749151482124,0.005117784921678233,0.006174542548713378,0.008264789618707283,0.010090247680661574,0.010146866204851075,0.010224050651928447,0.010095870672719038,0.009463160343260755,0.009627744155757054,0.011030121202240537,0.01173678724194744,0.010727077692131414,0.00900196840934794,0.008042640516313716,0.007735320417599488,0.007781757465871767,0.007990564945264662,0.008364588165919576,0.008796321429402827,0.009473172685195569,0.009920828274648718,0.010138013114120334,0.010387957764309137,0.011032900214274964,0.012114058426189235,0.013702375966609996,0.015402173359514939,0.016939621808337083,0.018183415204310518,0.019121353247481966,0.01940142641349611,0.01890328140503094,0.017788815603751416,0.016299879726242632,0.014732136138370237,0.013832995450654492,0.013231111748456573,0.012673921543277974,0.012363730875741623,0.012506020884175531,0.01343632014400638,0.015083344130224411,0.014643760785316954,0.013612140148944315,0.014615198886503193,0.01512135543337349,0.015927299643193726,0.01858741984441845,0.019744454150474457,0.016961706583640344,0.012776596996700942,0.010050267005015458,0.008536974664951721,0.00707930967183723,0.005979472999087921,0.005529330793911085,0.005381282280392758,0.0053747384869666315,0.00517273801347059,0.0042921570369137685,0.003306707144106742,0.002755960992382206,0.0025113256929279524,0.0025347606122206423,0.0027281971286573863,0.0028805839023161544,0.002977808682563739,0.0031006086224686846,0.003178833230428515,0.003201817211396714,0.0031611920565737302,0.0030824589533055284,0.002952365295120231,0.002791764274703775,0.0025879889832576804,0.002372075642839115,0.0021348439237232064,0.0019092951508170647,0.0016818462173068865,0.001488268230653539,0.0013162703245016972,0.0012086543129325696,0.0011542136392009063,0.001199736974224231,0.001333651348508823,0.0016113669676513886,0.0020346281240317073,0.0026935783790571666,0.0036338674935225985,0.0049965919182707605,0.006916095744501392,0.009386263279353211,0.01252123086617869,0.015982709307770727,0.01909191332033193,0.02146194387834519,0.022443270951220933,0.021588938195907192,0.018802584412714204,0.01476695661883775,0.009894181035573338,0.006529418495809817,0.004436647798060519,0.003011098732131496,0.0026302875649620297,0.002066952297782127,0.001595527987365506,0.0014239480541523184,0.0013775131779649274,0.0011215232870131957,0.0007699369163213333,0.0004037063241279407,0.000340798088529073,0.0001617217965043415,0.00013722624600528033,9686535824917367e-20,58964671557111054e-21,12219282732385538e-21,2504206114246432e-20,11023253478294238e-21,18408774676117038e-21,8949087086935084e-21,193571519453321e-19,868401705379847e-20,173619028988775e-19,805507470482646e-20,15889009490276386e-21,749466664961066e-20,146428859468576e-19,7042868242717676e-21,13705880438611057e-21,6682870553582259e-21,12926967987900208e-21,6376694907675568e-21,12300183024013843e-21,61267419504117114e-22,11810795446347115e-21,5633244194031808e-21,11185865214792385e-21,56377152115981175e-22,10771996732419491e-21,5648685720876224e-21,1044344473375464e-20,5692197607573438e-21,10173740908064336e-21,5780713883192199e-21,9955561879466979e-21,5943011449561149e-21,9742080437647726e-21,63107130385248805e-22,8553989041896258e-21,6091004015019115e-21,8780453907101617e-21,6312495571084517e-21,8936274486237488e-21,8921609504144709e-21,11970170926694841e-21,9852732038971824e-21,11568383932551787e-21
8615279933730589e-21,12458437403893167e-21,7879150988006439e-21,12551718085646442e-21,8575162799899489e-21,13689660196277294e-21,9628653163829214e-21,2015362005436984e-20,24154971493915468e-21,7908776708715818e-20,0.00012696063924864983,0.00014588166450965164,0.00010176268570195201,0.00013644899919109776,0.0003596469008841163,0.0003849686821466337,0.00043841635694877215,0.0004337471415402689,0.0005370485392124932,0.0011459096765283352,0.0021517744834925437,0.0032823570602274477,0.004488286713250204,0.00563782423530503,0.007024847762937234,0.00943120920119911,0.010302887122283574,0.010221724567085581,0.01032462814030403,0.009894932376764393,0.009412878518455162,0.010305558525737368,0.011642797377791824,0.011559186359492839,0.00996860484983256,0.008510836198027604,0.00790121739941639,0.007793566385031437,0.007913326087185937,0.008224868792488646,0.0086044530540588,0.00917300462417995,0.009803573236826147,0.010114594092636075,0.01030500028351637,0.010715263373296181,0.011563429206058367,0.012903142294567127,0.014617260432157908,0.016273402831566912,0.017689748475271314,0.018818753137382925,0.01950338612467564,0.01941311969145071,0.018586869070797454,0.017275298859135434,0.015650041418045227,0.014337282384198072,0.013661630633264017,0.01305650945620327,0.012581184495063256,0.012466361617376482,0.0128887427311637,0.014367103592204842,0.015354854590513198,0.014040182088407288,0.01405627059649641,0.015117028347851506,0.015381802755292552,0.01717845157302484,0.0197372095505936,0.01901867851306736,0.0150762658640802,0.011360510400062447,0.009368189295212902,0.007922442125065678,0.0065360871902819095,0.005750038088958346,0.005485047661973528,0.005405837177458547,0.005392757443171222,0.004874688187271628,0.003822631701113183,0.0030230013284031306,0.0026319718384143448,0.002508071892873174,0.00263848011563469,0.0028334620470996785,0.0029476599229252445,0.003058040070599162,0.0031700689137637863,0.0032213081162329273,0.003215061444948747,0.003153700882416723,0.0030518361662097947,0.0029040686493387396,0.00272286076116377,0.002508151727083857,0.0022814060367164534,0.0020440614536902293,0.0018172851527108983,0.0015994197165358328,0.0014158366400256217,0.0012669395583987978,0.0011852339277750338,0.0011704415924884653,0.0012602169167837305,0.0014532393930423726,0.001802705312449189,0.0023226631568470583,0.0031178202899808847,0.004232252100193079,0.005866831696232862,0.008051714103036041,0.010843869757847402,0.014249470363492656,0.017628039381066763,0.020483334761591584,0.0222926037821367,0.022479858814057792,0.020648853444420006,0.017211928869743074,0.012594901641624094,0.008103786050669257,0.00557037175816389,0.003633673262975592,0.0028197386170643133,0.0024153911034016113,0.0018294556411399686,0.001484191457597502,0.0014352838396667017,0.0012810911367934507,0.0009890768929890583,0.0005677090694490594,0.00036813024859112873,0.0002675924193148567,0.0001277623343429958,0.00013292667548726612,737062189224807e-19,38541877205650494e-21,10905408781035676e-21,24925845620782916e-21,9286633838612583e-21,18076691148702524e-21,1024720342827817e-20,1826150000503342e-20,9163206812732582e-21,16635283689136163e-21,8407330229657554e-21,1534038612525733e-20,7735520677911995e-21,14252834698300609e-21,7238317163045745e-21,13426544263327305e-21,6813163599444152e-21,12746752700659369e-21,64536826345036145e-22,12208557441523535e-21,6164593533969401e-21,11712805890678494e-21,5505493045596294e-21,11457080763221152e-21,5295291543536108e-21,11249827024843159e-21,5135161514218817e-21,11111395399724604e-21,5005968312071279e-21,11043552938445416e-21,4900966008335619e-21,11071543696716038e-21,4792370832453402e-21,1125735770504591e-20,4495197771571225e-21,10158471588547535e-21,4753630108837227e-21,10339159291976674e-21,485510889317505e-20,11347342499543341e-21,833146102484727e-20,13354473614082573e-21
12083626284421517e-21,916176634585474e-20,11100981685085325e-21,8627916905462106e-21,11286079891793449e-21,9479762949908495e-21,12239951177527512e-21,11140395397075148e-21,19561277847424736e-21,29727770605689084e-21,8901427186722857e-20,0.0001288003936941787,0.00013947855149271912,8855118296644058e-20,0.00017090869670025047,0.0003737882004933098,0.0003709226286336699,0.0004416200847132242,0.0004093057433513118,0.0006032521846190907,0.0012753565424388894,0.0023121590847180987,0.003399060037552861,0.004608660459177443,0.005664256383432999,0.007257362739055579,0.009503549642871915,0.009986839133570149,0.00995499523941357,0.009999377318853997,0.009476648051585821,0.009189583407126032,0.01030457740899152,0.011433505288015441,0.011006278103398848,0.009341210048449858,0.00809775586941711,0.007622857000150074,0.007584187514543663,0.007728289041250898,0.008064309444002975,0.008440062438856769,0.009047880311084566,0.009602940584720639,0.00986456028750509,0.010057065141382356,0.010539347587157891,0.011444366426227103,0.012848816228886485,0.014525861542518496,0.01610225996894813,0.017418224068457087,0.018459539310273845,0.01898952408529224,0.018752036143717007,0.017832533966333587,0.0164898381110351,0.01489613106848138,0.013768525140704042,0.013155491150407405,0.012576163665212584,0.01216382656239944,0.01214193620366701,0.012708033150297416,0.014299553015842839,0.014778984290773612,0.01343568863845521,0.013892342912075587,0.014754729082138374,0.015102499019647964,0.017242743272343174,0.01937080780325229,0.01787358531278386,0.013822410802385396,0.010539176391155643,0.00882475660402691,0.007410393627363031,0.006143342949639819,0.00550892460942957,0.0053018008920192265,0.005253585005590037,0.005198070027255183,0.004552598694698257,0.003523521381393995,0.0028376559435056114,0.0025122894681630023,0.002444883763954187,0.0026026756280663303,0.0027804520557631746,0.002881138262736013,0.0029952251682378805,0.0030933152743697016,0.0031332219626529095,0.0031140718861371324,0.0030482784102642264,0.002938421768682165,0.0027901396102727135,0.002604716993769187,0.0023951876509890435,0.0021696846654549206,0.0019428743078026762,0.0017208886926074753,0.0015174282879847562,0.0013418009003943992,0.0012114422677575523,0.0011407181691598031,0.0011476750289815937,0.0012501067549021056,0.001467628939530311,0.001833234848426907,0.002386628795652379,0.003211717905275578,0.004378816051795363,0.00607521937435369,0.008302211571949696,0.01114725697782717,0.01451282430171918,0.01771673434219278,0.020346665443017248,0.021825906481054813,0.02164989966308441,0.019494254859228878,0.015931797326127636,0.011271617642279474,0.0072608278969220575,0.005015912370058585,0.0032648399734601413,0.002684271396189874,0.002228692057998915,0.001689618942100553,0.0014133893459157283,0.0013871782770343128,0.001191332849425891,0.0008921088805994998,0.0004794231479652569,0.0003531619214352313,0.00021925327614510007,0.00012554736497883716,0.00011819275376051816,6622521729752833e-20,26657862537413396e-21,15598182692991224e-21,19499313001008623e-21,12138649008590764e-21,14264946073819682e-21,1339319530054345e-20,14272700610707641e-21,11914162735138712e-21,13094462086409396e-21,10889902930222793e-21,12124574706213621e-21,10003934704720352e-21,11313016804731675e-21,9346149592428956e-21,10692437146174413e-21,8788847237638896e-21,1017970848083168e-20,8328047345622235e-21,9772643011812367e-21,7966113570896707e-21,9312143630676698e-21,72832591321598315e-22,9214546375364911e-21,6960257686931985e-21,913173863253097e-20,6704716554124181e-21,9101510461540885e-21,6487817336241334e-21,9134593498810792e-21,6297233561930037e-21,9265562821192827e-21,60844606654431844e-22,960779353152247e-20,5412006022612727e-21,8821598218911684e-21,5696309174239633e-21,9018803945398249e-21,5744819600765662e-21,10560043918100567e-21,9132429296783746e-21
8710560746636314e-21,11264470893876791e-21,9063794462290908e-21,1239043794645593e-20,973994236318572e-20,15883372737587957e-21,18940160512399787e-21,47628760585903516e-21,0.00010803038255854574,0.00013849749450631056,0.0001285318647042927,8682950538645773e-20,0.0002555727887504992,0.00039194694323858056,0.0003877356178821073,0.00045430036819338505,0.00042133713486248704,0.0007997803129090276,0.001615481965815451,0.0027277459118915273,0.0038325101124033335,0.005074045983868536,0.006121668389031762,0.008197840933218669,0.009996474352587936,0.010048370943586557,0.010126127889651447,0.009996127785137698,0.009369198148568146,0.009539851868876443,0.0109306255849668,0.011622822402260256,0.010615111578437397,0.008907964522775572,0.007962246494728748,0.007660300973898709,0.007707282866658795,0.007915115956504477,0.008285716248306799,0.008714373427439439,0.0093849592744229,0.009826551641649188,0.01004107963236385,0.01028981189931782,0.01093073333929021,0.012003947158852678,0.01357880785889844,0.015261782852918132,0.016783162698425898,0.01801356415320991,0.018940236891835754,0.0192136423409361,0.018716638039184722,0.01761063272278463,0.016134393976580945,0.014583565634451534,0.01369644030924833,0.013100422000070729,0.012549296691502284,0.012243964551275065,0.012387417916280173,0.013314545048749769,0.014942943909806676,0.01449459591829451,0.013481655721632768,0.014479867602371107,0.014976032865524723,0.015783178068002,0.018421582230697345,0.01954949611365696,0.016777400569134363,0.012634944221431748,0.009944060295301939,0.008447524256045617,0.007004050819499065,0.005918068395881463,0.0054748190745166365,0.005328989267117153,0.005322956868790602,0.0051201334695062245,0.0042452982484537955,0.0032709360464544465,0.0027275307823347765,0.002486524416120419,0.002511038481082033,0.002702867668151947,0.002853319014300565,0.0029496376384719704,0.0030712588248203057,0.00314840490596751,0.0031708868838169263,0.003130379176504066,0.003052211054671098,0.002923140720198985,0.002763928191315583,0.0025619492260494955,0.0023480672580714953,0.0021130678937341966,0.0018897561482590086,0.00166453929170619,0.0014730097363591065,0.0013028349349533568,0.0011966053415472999,0.001143009994074215,0.0011886321186111628,0.0013217484918261176,0.0015975878428783712,0.0020175836044848995,0.0026715918479551857,0.0036043462613023197,0.0049566003082790015,0.006860284803120431,0.009309640722716844,0.012417549594730407,0.01584525808573191,0.018921857312609598,0.021263702732914423,0.022227449773015325,0.021371083295830307,0.018603885788321412,0.014601196101009798,0.009776209736435611,0.0064547417517438616,0.004383977464635494,0.002978567249498043,0.0026029277257873674,0.002044031365712952,0.001578449770441455,0.0014101405292082597,0.0013633658006728694,0.0011092917537524527,0.0007602754209067266,0.00039896682274916285,0.000337001987078067,0.00015944184481039215,0.00013600109650552364,9559193461576384e-20,5823959056899761e-20,11956488527692113e-21,24894116211048142e-21,1081712618599412e-20,18293270104921518e-21,88096676203969e-19,1922334751191379e-20,8541699905449502e-21,17244685209831396e-21,7923716920804927e-21,15782657345824778e-21,7372405887540848e-21,14545934400357875e-21,6928433798400062e-21,13615855117810787e-21,6574282954215787e-21,12842871268460261e-21,6272911872792256e-21,12221043124414852e-21,6026753904196806e-21,11735326390504056e-21,5536869342543386e-21,11119092822616804e-21,55409235432626515e-22,1070964832049344e-20,5551651904606658e-21,10384741585460873e-21,5594397025910718e-21,10118376137398882e-21,5681384018332406e-21,9903538320233521e-21,5840742918237364e-21,9694413831479288e-21,6201799819815188e-21,8513555148913016e-21,5992119956701936e-21,8736602119751549e-21,62111219973381506e-22,8895348307874332e-21,8808939594719565e-21,11890485811301482e-21,9723096949972007e-21,11486385932537965e-21
9059081033786737e-21,1284724093681741e-20,8090821303625692e-21,12769616977580424e-21,8580469331275496e-21,14007417180115397e-21,926909600835724e-20,18897046637391793e-21,20350892500558288e-21,6222280970573058e-20,0.00012068253653922504,0.0001477943074100894,0.0001225241213911696,0.00010255986734998031,0.0003134626881701531,0.0004044210454756721,0.00042102414768327174,0.00046516691242252787,0.00046925569050006535,0.000963694268030721,0.0018906807579347998,0.0030595327750813704,0.0042374363255928285,0.005500421635011728,0.006672698770928818,0.009036685136289671,0.010521707315582121,0.010461538041197812,0.010578885625137872,0.010318454720077272,0.009682948131098348,0.0101683478050165,0.011647810265967829,0.012053655336571342,0.010723936780519333,0.009027218744434509,0.008202757442252859,0.007978059931371498,0.008061145553757058,0.008320240384892076,0.008709646751917701,0.009206350364743673,0.009901941736484038,0.010297544784222283,0.010503111599392224,0.010818097401490107,0.011570555724208825,0.012790372119658737,0.014494567831967745,0.016229274072083525,0.017763717751349516,0.018993901482429385,0.019864191349243054,0.019993647317253206,0.019335218752135792,0.018098093337298764,0.01649748453552568,0.014969802510668949,0.01416197391357303,0.01354048585798661,0.012996554457995298,0.012755671039237464,0.013009432779667644,0.014208767647640116,0.01572508798214985,0.014797157085229442,0.014139504884234344,0.015294995704497149,0.015644973034240436,0.01687277191993228,0.01969555542584132,0.020123742302172783,0.01666399788051001,0.012490445185013337,0.01002857516698282,0.008527520780012347,0.0070389070030872,0.006038325524288519,0.005666864706161123,0.005544356559002192,0.005548627649557284,0.005217326095965045,0.0042130295790476415,0.0032688079641350707,0.0027767403042687436,0.0025754433215160358,0.002649729196697408,0.0028553175424699045,0.0029942722265157017,0.003097999666636701,0.0032228162355136744,0.0032910244771788715,0.0033029353333620323,0.0032509600179076773,0.0031610859584705934,0.0030183901920439833,0.0028453169808022047,0.0026292978244503986,0.0024034972268423024,0.002157560199833498,0.0019261732573818923,0.0016942366543509105,0.0015006251024436974,0.0013312057369001399,0.0012330045599281438,0.0011913835073185965,0.0012588262034860787,0.0014188985280887913,0.0017368977484314761,0.0022094632941453804,0.0029465121949687856,0.0039825026579372825,0.005499308197518078,0.0075886597158088265,0.010263807233394833,0.013621003785291231,0.017165627130037445,0.020266458984598026,0.022485559579066935,0.02316680803858044,0.02186873760830463,0.018700861239164382,0.014291871133298868,0.009353059757253285,0.00629323700861347,0.004197060851865405,0.0029928542323560893,0.002627142669679287,0.002018875619042336,0.001585530588104198,0.0014700714268677817,0.0013824809940857882,0.0011005457791481922,0.0007041331575351141,0.00039134863590479743,0.0003260608232474813,0.00014381136341056925,0.00014337737291057805,8764288298624689e-20,5350214159183291e-20,8980468052272533e-21,28075387116909124e-21,8639323942154661e-21,2043587164184752e-20,8179225997424368e-21,2103906136896598e-20,7630855586573217e-21,18990679638585878e-21,7071910900886852e-21,17426605520178356e-21,65594760390664595e-22,16109312534710827e-21,6166270445687893e-21,15113850840558806e-21,58382881054016436e-22,142920503800803e-19,5555424309554821e-21,13637111472808985e-21,5321966578354909e-21,13109057417491232e-21,4751309002315798e-21,12600376706919286e-21,47020082943682694e-22,12226361194353862e-21,4674188580648263e-21,11937976864775181e-21,46746023112435e-19,11718954860612967e-21,470915183677307e-20,11574084131216943e-21,4787466796628482e-21,1148930800976231e-20,4967321913959215e-21,1018079251042257e-20,5017219180508202e-21,103740369327246e-19,5213021774640005e-21,1078956677983726e-20,8396699743652921e-21,13499294620068353e-21
11631694149606833e-21,8893692016194222e-21,13541413511282193e-21,9096127681405653e-21,12567596146965218e-21,8401198540954418e-21,12700127204157633e-21,9182826954663187e-21,13826621355191282e-21,10464537509365137e-21,2089375192410088e-20,2687054271790575e-20,8619522614457295e-20,0.00013306921864310504,0.00015008568424964753,0.00010077113491913888,0.0001537048436913951,0.000381506876593375,0.00039538037951501243,0.0004587885179741601,0.00044236615744444027,0.0005814842173156321,0.0012398595216658178,0.0023011029464916027,0.0034630448220994018,0.004722352249981953,0.005884440309972818,0.007399872321847728,0.009865982235297792,0.010624638958450483,0.010553920908465282,0.010644295017546828,0.010159497936943054,0.009720339185585377,0.010738837567998814,0.0120649116587568,0.011851626202198325,0.010157341527162536,0.00871464775993044,0.008130475906412703,0.00804499357929151,0.008178334357980061,0.008513156036283671,0.00890605672191411,0.0095141228107306,0.010145426107771003,0.010450258761168773,0.010647735709318847,0.011100957722295912,0.01200537855828593,0.013426038030420504,0.01520106171440698,0.01689855044075526,0.01833789668279495,0.01948328734956653,0.020141784848244727,0.01999341420845356,0.01909670279174802,0.017718137917106216,0.016032211582728405,0.014730737702128243,0.01405289310391634,0.013430751009637849,0.01295733350695416,0.012871390620409711,0.013360432032008216,0.014951639101140925,0.01580513414543872,0.014400600866351951,0.01458582801364006,0.015627780802531622,0.01591874192082126,0.017923456188689492,0.020453992361581907,0.019416246639418027,0.01524967122137778,0.01153016116828871,0.00956311011025056,0.008069074803089923,0.006664757365134274,0.005902086584268292,0.005648771500600586,0.00557761615427294,0.005551834702833818,0.004964901544299441,0.0038725385026051194,0.0030808591275579764,0.0026980700921952834,0.002589520681777489,0.002736536473243913,0.0029340835168258908,0.0030475692047016575,0.0031640756456478994,0.0032760197992110192,0.0033252143317654657,0.0033139666873026243,0.0032483254271814367,0.0031392659956474456,0.0029850141938360455,0.002794618418011477,0.0025726428624423463,0.0023367864166047147,0.0020931823617527565,0.001858613018314943,0.001636700221572211,0.0014483044585092526,0.0012997409749929845,0.001218648149324611,0.0012109847442356725,0.0013092491306632436,0.0015190762017783454,0.0018892327968041817,0.0024427605178915885,0.0032824258803121355,0.004461977789198076,0.006188318893372111,0.008480466950171564,0.011409537849415088,0.014947878627383945,0.018406692427823227,0.021302616678118908,0.023069671577615344,0.02313401466514488,0.021103770585873916,0.01747488948877081,0.012640463199834976,0.008125929971426287,0.005602011509906655,0.0036449309043440434,0.0028885873373036422,0.0024496970097695977,0.0018542218990441081,0.0015192043635281142,0.0014793116878356663,0.0013025221450523965,0.0009963121436157398,0.0005576363314169888,0.00037817289369830435,0.000261270667642778,0.0001315659185523072,0.00013362244596766115,7386296164099915e-20,35809711170506066e-21,12858652676977486e-21,24193735092434094e-21,10548947705548841e-21,17568436709246895e-21,11720234828442864e-21,1768700783267684e-20,10442938414744355e-21,16150649978797584e-21,9563826384780535e-21,14914056791573263e-21,879074232604815e-20,13876313200419014e-21,8218745413829892e-21,13086542178981517e-21,773066201029048e-20,1243637858610677e-20,7321276190692187e-21,11921625137156858e-21,69950163136447e-19,1141895036232588e-20,629411638657777e-20,11215394483482023e-21,6030903886436021e-21,11047326168858194e-21,5826777527138252e-21,10945170056707383e-21,5657227213434102e-21,10914628322753743e-21,5512612574117106e-21,1098626346421063e-20,53552129258302475e-22,11244980210779662e-21,490727027735767e-20,10202753648580087e-21,5196041850499315e-21,10395587306781178e-21,5277810939765374e-21
10819200290682932e-21,8250863576996417e-21,13442518765748957e-21,8871358618913708e-21,1277009450492773e-20,79289925822705e-19,1271097329569656e-20,8430926909251468e-21,13937053190186295e-21,9124597748937463e-21,1893471538894324e-20,20329955938596796e-21,632197035232901e-19,0.00012030458690739255,0.00014652143571062832,0.00011959031636565943,0.00010380883334626468,0.0003157022377218849,0.0003991826663564309,0.0004189171162459341,0.0004585377093706606,0.00046955807288865645,0.0009708629887258967,0.0018974703447703978,0.003053638360382809,0.004223219899140477,0.005466458825096101,0.0066419178431365924,0.008999222153697962,0.010415368840850012,0.010347724019184212,0.010465989715126484,0.010191976958158315,0.009570258234259886,0.010090126714842818,0.011550914267834547,0.011909968970094942,0.01056267437790021,0.008898976896759522,0.008102798427385817,0.007891482474358454,0.007977489633570983,0.008239334474987415,0.008624483309715677,0.009123030262748105,0.00980869493945346,0.010192316470682222,0.010393915613345298,0.010713782479128511,0.011468631392748124,0.012688607525578327,0.014380768272121137,0.016093724998092886,0.017604493830991625,0.01881482129404477,0.019662108024431996,0.019770251284870498,0.01910148224199521,0.017867693700749487,0.016277259773050102,0.014780073181202738,0.013993891312813735,0.01337899828958737,0.012845400021661103,0.012617612943516838,0.012882894301928566,0.01409918660309733,0.015565378552832734,0.014596999533449728,0.014003767919340842,0.015151176349016896,0.015481632220598193,0.016749403529824465,0.01953865557564434,0.019861323445566573,0.016375605244484583,0.012273130631503466,0.009879387497722717,0.008398999828677074,0.006930343331638559,0.0059579215489212415,0.005600807282027289,0.005483298402400756,0.005487713247010058,0.005143250253881682,0.004140341977838377,0.0032166725966325293,0.0027387907696724252,0.0025461561006438,0.002625491986969565,0.002828958815027739,0.002964214967911301,0.0030674906204603263,0.0031903897165582594,0.0032563692831227863,0.0032665945700005327,0.0032140741002881306,0.003123990736373413,0.0029819322448463776,0.0028097154403854342,0.0025955087624759737,0.002371680082046463,0.002128467953045639,0.0018996334038305263,0.0016707761090194828,0.0014798939750723635,0.001313564878695597,0.0012178770298904582,0.0011787862614491115,0.001247869092540928,0.0014092278136070226,0.0017275218811033137,0.0021998224789206607,0.002935901257283509,0.003969350490327968,0.005483676551206197,0.007563696659287241,0.010225912064654157,0.013560451485271125,0.017061090087127917,0.02011391545716479,0.022278527128393698,0.022910052435513122,0.021573970206436855,0.018406705750065512,0.014015399620157222,0.009150513709791601,0.006171516682572585,0.00410592911991931,0.0029489507287719257,0.00258635175103251,0.0019833176817221332,0.0015615134245191055,0.001454348747153013,0.0013618441480825097,0.001081279068259377,0.0006851722272169117,0.0003850228308607389,0.00031855945319923183,0.00014021058186082364,0.0001416560402432795,8535932417190484e-20,51835238835723396e-21,875015867438688e-20,27809518521320628e-21,8401525911902653e-21,20226853896549632e-21,8121997955758298e-21,20778936026889512e-21,75369998815416775e-22,18771068225365014e-21,697995880816371e-20,17231895432347476e-21,6469287929121741e-21,15936028502455084e-21,6079739433101607e-21,1495625356496798e-20,5753185329405202e-21,14147914180688196e-21,5471553694548159e-21,1350431424426208e-20,5239241970390963e-21,12981786179958289e-21,46654966836335565e-22,12499130586219843e-21,4605082573376117e-21,12140450773734167e-21,4568338369556975e-21,11865601677603054e-21,4559317795060689e-21,11660105126776626e-21,4582749674907473e-21,1153053997253826e-20,4645023072144446e-21,11468834821796086e-21,4787896115252977e-21,10177211198960453e-21,4864981478564345e-21,10365124378460969e-21,5052020321050749e-21
14247078243823271e-21,8990392732563195e-21,13365754148995177e-21,814331879325176e-20,13420071651792173e-21,8809329336620487e-21,14663253046148588e-21,9749725478218501e-21,2101954733480679e-20,2373470845529121e-20,7822820483972721e-20,0.00013166264677878773,0.0001541664130600055,0.00011263862182982937,0.0001311142302000572,0.0003663443878886504,0.0004093756382018867,0.0004553213599049487,0.00046450874727124676,0.0005396172468622082,0.0011476028750319377,0.002182159097960044,0.0033814486451340833,0.0046380303240666195,0.005879723060102964,0.007258757491429653,0.009798977773868223,0.010886120159324652,0.010793101799611836,0.01091366014324661,0.010509294642186652,0.009944702457913719,0.010770653695035414,0.012232411747643,0.012287440293171577,0.010678551249342527,0.00907257102020398,0.008375108423997187,0.008230669916981969,0.008346276198625583,0.008659112278433797,0.009059816015011088,0.009635521988141245,0.010320739827059644,0.01066917125722482,0.010871109441900652,0.011271944328060671,0.012134954789691043,0.013506455777949185,0.015307109462796372,0.017068826483906965,0.018589894428593268,0.01980410253807214,0.02057938783216678,0.02054709171146404,0.01972596378733638,0.018369539128475318,0.01666662809631052,0.015222139283473735,0.014481813623337456,0.013841042261754494,0.013320874835043663,0.013163209421272878,0.01355339559416784,0.01503207953712184,0.01624703342246588,0.01494177587401201,0.014763199809040877,0.015928614029373237,0.01620711945166943,0.01792966445458659,0.020729238047494505,0.020307540057872567,0.01627731007547966,0.012230840786567106,0.010016456008978311,0.008488986177825834,0.006998893994564279,0.006112771860503168,0.0058076827499034525,0.0057120665684929324,0.005708169811435539,0.005219843564615263,0.0041217358900230965,0.003239548329630741,0.0028019336125752995,0.0026493808320988393,0.0027717464698713864,0.0029809198849713153,0.0031071478165074504,0.00322080784921416,0.0033428295045759824,0.003401247942551076,0.00340004523030105,0.003338018321280882,0.003234779775024388,0.003080841419969839,0.0028932045609242605,0.002667081506383195,0.0024296017165567904,0.0021776142983389083,0.001938571936761122,0.001705398476078234,0.0015101586408869515,0.0013474297639196934,0.001257310536755889,0.001233444961486187,0.0013216977661597345,0.0015140296121503541,0.0018721923693392722,0.002403065081789624,0.0032212189028273685,0.0043664291986292465,0.00604812189856702,0.008313799357650347,0.011209652476161914,0.014775458192638346,0.01837314923803696,0.02144358758691605,0.023464875133568583,0.02380616746176013,0.022034642880737,0.018499633555734696,0.013708226404165217,0.00884299863276028,0.006050743017518392,0.003965306240232793,0.003004381181181294,0.0025984979349300543,0.0019721968197304674,0.0015839370070199962,0.0015171160616853684,0.0013747852617123988,0.0010712396551559983,0.0006333724655459978,0.0003913517377327767,0.00029897679014770205,0.0001365487110561713,0.00014368115943116244,8072379156467872e-20,4508054703359111e-20,1012564617940979e-20,2769536511351257e-20,9026760218230816e-21,2008228495907738e-20,9750422004576184e-21,20374498515169186e-21,8781445084240132e-21,18511987170808425e-21,8078574566178306e-21,17045948796957332e-21,7446093743662274e-21,1581382060738549e-20,6976350605567668e-21,14879136209133891e-21,6574879924735498e-21,14110097165457618e-21,6232514798000617e-21,13500711760330134e-21,595440532431231e-20,1296743649686426e-20,528609612831345e-20,12625610986078844e-21,5116840861710045e-21,12354884108287874e-21,4991730410580751e-21,12162214633723326e-21,4897067842758585e-21,1204455276607478e-20,4829231160152319e-21,12022777289479153e-21,47698930345603205e-22,12138351057548572e-21,4611049248607261e-21,10892694129131288e-21,4844357437133767e-21,11079764265573679e-21,4979789574756094e-21,1193966102212233e-20,8587156689447925e-21
9071482975204418e-21,13743102590060726e-21,988863327731591e-20,13158181563416367e-21,8827796000038817e-21,13012676659190068e-21,9283912319309148e-21,14292530494456568e-21,9989052605066008e-21,18861190167687158e-21,2086260186069397e-20,5953234504344208e-20,0.00012309465817611848,0.00015353537828965516,0.0001337162070778259,0.00010073998297971367,0.0003083183556131006,0.00042628750021938595,0.00043313639383614873,0.0004921176493688612,0.0004757985220307952,0.0009508495313232168,0.0018886324438529484,0.003111553930533025,0.0043322182472377456,0.0056731976332148595,0.006856440871611605,0.009256392187563144,0.010990350020900147,0.010965746548455734,0.011076838381056572,0.010859958026190605,0.010178197254678686,0.010550150920969807,0.0120987588702053,0.012666813287542199,0.011390113829526063,0.009568248187162101,0.008635552015483995,0.008361472841468817,0.008434585364892947,0.008687065144751434,0.009094659091381607,0.009591533812401916,0.010325393141466039,0.010767459826576849,0.010989835903219704,0.011293249006431852,0.012045042587369001,0.013277883448501426,0.015038841319272007,0.01686601524826094,0.018497383225301246,0.019809118063438134,0.020765503953347513,0.020969689308696506,0.020340722767176737,0.019080141937398057,0.017429010744744792,0.015784411630799067,0.014889991528239728,0.014239224048802514,0.013654880697302271,0.013367324170372109,0.01358590070794082,0.014739249727117305,0.0164264994836267,0.015643362427524815,0.014766266719599856,0.015944814091185998,0.016376026608842745,0.01748473450673876,0.020431806280305265,0.021219798879767892,0.017829081498947727,0.01337866563465995,0.010651867068354042,0.0090589151291278,0.007488990579284738,0.006381625550082205,0.005954763701890761,0.005813656914670466,0.005815383480803056,0.005523668748625854,0.004507989619718447,0.003484867971519169,0.002937696132444492,0.002704654337617896,0.0027616701676247274,0.002975727774847476,0.0031290794559262498,0.0032358333618416825,0.0033680432420030194,0.0034447688559468112,0.0034624678168651258,0.0034120488137347484,0.0033217613665946014,0.0031755879584923134,0.0029975575585483123,0.0027733067896531936,0.002538151402236402,0.0022805478872454828,0.0020377116049613625,0.0017930717529791654,0.0015877871060256618,0.0014063407131438275,0.0012981945249008883,0.0012478634604885424,0.0013100815898220545,0.001467924678501156,0.0017879999739072072,0.002267180989236863,0.00301523665297768,0.004071873434988689,0.005613587718488705,0.007756966622428563,0.010505646695484571,0.013973920060439621,0.01770420955984239,0.02100152125470436,0.023428172525532167,0.02428600446817774,0.023104867008003262,0.01990544853701276,0.015389618262733358,0.010159032742686286,0.006781607652357755,0.004558706107255398,0.003179952971222932,0.0027930980077616966,0.002163629118831894,0.0016863209984883823,0.0015398838494984602,0.0014669788895383836,0.0011780531650038637,0.0007769047721470865,0.0004188973519018054,0.00035411062383214836,0.00015910258307824733,0.00015015347204129693,9678364791279754e-20,59523297610592155e-21,10391910277778438e-21,28885847036087868e-21,988179809797399e-20,2109154061930315e-20,8735309682416269e-21,2188345470142009e-20,8293473757277252e-21,19701233362587758e-21,7696971491968977e-21,18056838085400393e-21,7153384070025524e-21,16669921356642784e-21,6727486393264725e-21,1562375588644763e-20,6378751220479061e-21,14757996309269028e-21,6078934418631604e-21,14065606693708345e-21,5831871574456931e-21,13517097959271059e-21,5263621741877203e-21,12918517914366488e-21,5244644012188622e-21,12494835205245199e-21,5240640539736871e-21,12162998710273252e-21,5267693745132272e-21,11900699558984857e-21,5335486433074867e-21,11707024795795362e-21,5463984517608195e-21,11549581862599592e-21,57571691446044414e-22,10190336147142584e-21,57023383739169816e-22,10407331578035815e-21,5926409536751328e-21,10713243216560972e-21
4961544426131246e-21,11581501713375878e-21,8511050865890817e-21,13625463272431689e-21,8798129578866669e-21,12709349941793804e-21,8048589621649499e-21,12805640194188489e-21,8760807739094826e-21,13965902307476787e-21,9841142066146978e-21,2057534730733325e-20,2470593844074199e-20,8085834779148882e-20,0.00012964894571423287,0.0001488933734512977,0.0001037420116167972,0.00013962670381574154,0.00036741128506332266,0.0003928744147874931,0.0004476819015240203,0.0004425674499018874,0.0005489129352920746,0.0011712546602525669,0.00219862891633088,0.003352476523093937,0.004583802768793063,0.0057564302567289765,0.007174484391098563,0.009630407465405506,0.010515978439020265,0.010433431337897791,0.010538079217884282,0.01009826301017208,0.009607787514651522,0.01052183332363701,0.01188533317045396,0.011796334943681975,0.010171173107181375,0.008684969151947938,0.00806405677953872,0.007954936044145553,0.008077452624115704,0.008395842320576767,0.008783302771925388,0.009364247911031421,0.010007340086788295,0.010324314919480698,0.010518667162095005,0.010938268257426038,0.011804827189800958,0.013173375431710224,0.014923183835374474,0.016613281081872433,0.018058303023352873,0.01921011774758225,0.01990756378389547,0.019813831951483587,0.01896918922321766,0.0176297433278404,0.01597054583017497,0.014632123447388946,0.013943099421374618,0.013325507277491985,0.012840821225515898,0.012724554352461719,0.013157158173341172,0.014668118677036027,0.015671716231201088,0.014328106637382642,0.014349455999181674,0.015430813365819387,0.015701354922795903,0.01753959789904446,0.020148472544713938,0.0194065022062915,0.015379391545758259,0.011589944365786807,0.009559057459822152,0.008083353388064558,0.006669014204760701,0.005868104539433863,0.005598236593129009,0.005517691307026545,0.005504034731558974,0.004973736498893686,0.0038996463161921,0.0030844272429928414,0.0026859136828555384,0.0025600035013045486,0.002693484804405698,0.002892407438764754,0.003008835305432311,0.0031215754116822856,0.003235822596062978,0.0032880149636616445,0.003281500965061216,0.003218801856354524,0.0031147161933475554,0.0029638378290033716,0.002778782022455005,0.0025596149657028094,0.002328123011770615,0.002085901709525814,0.001854416902553026,0.0016321232938238766,0.00144477192361524,0.0012929362409731253,0.0012096338979432086,0.0011947504113225032,0.0012865479564521385,0.0014838666852641218,0.0018408421344814345,0.0023720409930498444,0.003184207985220918,0.004322539500245282,0.005992092807534198,0.008223274231181209,0.011074591091419655,0.014551423433761848,0.017999151643579608,0.020912123914070872,0.022755995110457578,0.022943442183371333,0.021070443545539243,0.01755999031600267,0.012845303879336738,0.008264525170249455,0.005681441771809718,0.0037057630111605967,0.0028774723602510606,0.0024641651069096824,0.001866332800125167,0.0015145288332671723,0.0014649521685214531,0.0013070506691555599,0.0010088605242958109,0.0005786247838201927,0.00037569569805774697,0.00027270737165689267,0.0001303847036808994,0.00013558407003745298,7516434354509996e-20,39226426881098355e-21,11172838271226238e-21,25401669971641485e-21,9503303303662004e-21,18422137733826295e-21,10489941656393856e-21,1860852254918281e-20,9378956621381399e-21,16952575150818295e-21,8604750016674581e-21,15633598075495003e-21,7916870942593244e-21,14525845014724769e-21,7407795300766406e-21,13684168768328881e-21,69725043721873e-19,12991713485654636e-21,6604537909146534e-21,1244349823862163e-20,6308704419232082e-21,1193774305810911e-20,5635304671142572e-21,11678513369095703e-21,5419403325858609e-21,1146829926312986e-20,5254828746003308e-21,11328188687033175e-21,512189913321239e-20,11260103924619795e-21,5013645367558747e-21,11289950764912766e-21,4901436474914199e-21,11481613947800463e-21,459408031762998e-20,1036241839258089e-20,48586639045833805e-22,1054699375575126e-20
4538044700339892e-21,10289527191393994e-21,4697543008997654e-21,10873694478347555e-21,7937357968528557e-21,13252532076183807e-21,844024685415004e-20,1252118052826065e-20,7574521855341208e-21,12513273143419238e-21,8117698988807043e-21,13700855818241479e-21,8853796113005168e-21,1903322140016559e-20,20569949270311614e-21,6646486746308856e-20,0.00011961894312872096,0.00014326314809096137,0.00011143028507993186,0.00010909635273311336,0.00032294243798937616,0.00038543530486706714,0.0004148404776863198,0.0004406885676516768,0.00047475298565364637,0.0009976220692271634,0.0019269447749985485,0.0030497960301303917,0.004201408407571643,0.005390039006991877,0.006587928398493328,0.008925363641986366,0.010144474641557107,0.010062572808024367,0.010180293092333892,0.009865260433949679,0.009287853347159397,0.00991026860923949,0.011314230968916027,0.011535604825703531,0.010136534160568799,0.008566831787697878,0.007848138728155601,0.007674271652188281,0.007768733616982057,0.00803975574303236,0.00841391803053922,0.008920914759044421,0.00957801299252694,0.009929189412280997,0.010120941618882242,0.010458009975656742,0.01122301965052613,0.0124494277573404,0.014111780762248666,0.015768187899159024,0.017215832894388813,0.01837350782368211,0.019155358062896238,0.019201591750728986,0.01850023791153199,0.017271433973459732,0.015705045903834463,0.014293633025394645,0.013564318222688446,0.012966157790852499,0.012461182107455412,0.012271448587436225,0.012573441853599203,0.013843784620165712,0.015155554351642933,0.014078510440581742,0.01367690604560064,0.01479243107047778,0.015076704276643564,0.016470498332371474,0.019156437708442282,0.019166236252152424,0.015602328882551284,0.0116986162889729,0.009489553507245181,0.008059470990543898,0.006645325484081185,0.005751398331702252,0.005433017952014431,0.005329618668287001,0.005332554366434883,0.004946411290295842,0.003946450462246445,0.0030800803118756176,0.0026407561994688782,0.002472822782528719,0.002566706257837227,0.0027640874681858184,0.0028893380329263123,0.0029920090305559084,0.003109426112496685,0.0031692789437359425,0.00317450318243294,0.0031203258768491005,0.003029077192305102,0.0028884188772495896,0.002717794128872356,0.0025081588363845726,0.0022889564929377314,0.002052875651984222,0.001830315943162271,0.0016097238522585703,0.0014257959214827281,0.0012680922048136905,0.0011791345335421912,0.0011476385549523168,0.0012216064911984262,0.0013878844618649777,0.0017082634861736166,0.0021825272854467848,0.002918978062439246,0.003950499115934052,0.005464620557901065,0.007526620293532902,0.010163582257461405,0.013444638411293739,0.016829770124033812,0.019754319045308007,0.02176628408345211,0.022253405215915834,0.020800081559537983,0.017623271378068833,0.013264981210918174,0.008606787581349752,0.005844491472351302,0.0038608569024272442,0.0028366897225615873,0.002476786166317768,0.0018889557519844915,0.0014993593417826575,0.0014147986526786601,0.0013066914602788181,0.0010292499545256253,0.0006329573174154937,0.00036939103838913166,0.00029710157030917963,0.0001314015557232193,0.0001366827274554731,7935616372458493e-20,46963296566134874e-21,8532581101623357e-21,26826263162951344e-21,8017730128743136e-21,19476018855783774e-21,8212601779925323e-21,19888644929865914e-21,7507025938666617e-21,18011437990387324e-21,69333671024836735e-22,16555541049277683e-21,6410064539795831e-21,15330858361736314e-21,6016843311230684e-21,14403535785033296e-21,5683259074922393e-21,13639670424916193e-21,5396364053615475e-21,13033000780346964e-21,5160788904836951e-21,12527272214486895e-21,4574411072280452e-21,12121740669339549e-21,44761477680573855e-22,11811246746803448e-21,4408540764583652e-21,11579031086639866e-21,4367919209537772e-21,11415916105151672e-21,435543969651106e-20,11333954337020079e-21,4367469202408125e-21,11344272935904128e-21,4391015182808965e-21,1011337067628461e-20
112124421567041e-19,8152561477209132e-21,1325279534141834e-20,8464653064734695e-21,1238651784262315e-20,7715481348476675e-21,12465459018597705e-21,8381566396190488e-21,13603949533383461e-21,9364305441671098e-21,198479929414595e-19,23273803966418523e-21,765201727106328e-19,0.00012470492149885913,0.0001442060963414666,0.00010209974225039301,0.0001306368628625613,0.0003513712487123394,0.0003811538341298646,0.0004308327645853179,0.0004304864590883314,0.0005217657400515588,0.0011126664304394484,0.002098074695413747,0.0032167617336821127,0.004402981649868618,0.005547274311154205,0.006890182928244865,0.009269537588102476,0.010181331766277293,0.010098005537763067,0.010203991551752287,0.00979440891160631,0.009299920626981355,0.010146622355869356,0.011484327029328195,0.011445885228427183,0.00989501438801312,0.008433883188926312,0.007815390651679091,0.0076997599788869745,0.007814734230660385,0.008117668403224313,0.008492539946747217,0.009046695743240046,0.00967594368167377,0.009989185892953365,0.010177365185222572,0.010572567949597343,0.011400473704686982,0.012710782169492748,0.01440168020260095,0.016041898187042273,0.017449026800903007,0.018571245507045555,0.019263972849009988,0.0191941200634716,0.018393443469318035,0.017106394606367148,0.015504421528498985,0.01418926940152357,0.013514022617848785,0.012915543340511594,0.012440205077496162,0.012315509635094724,0.012715189936710069,0.014151212657865593,0.015181794292823273,0.013905375586363514,0.013861455008363072,0.014925066110648817,0.015184291500235751,0.016905937223700953,0.019466895357728983,0.01886060331163201,0.015004080830108799,0.011294360473449882,0.009293039166219203,0.007864812082040958,0.00648667843141734,0.005692942453178605,0.005423642477728399,0.005341698598339626,0.00533224729063294,0.004838553152649438,0.003802515899052573,0.0030008393763928955,0.0026070539431253727,0.002477946610457097,0.0026022023521707427,0.0027959481213610375,0.0029104345323500485,0.003018585935787842,0.003130462672793748,0.003182394760265223,0.0031778886727551526,0.0031180991394414354,0.00301880655418118,0.0028734472295715383,0.0026955767250363225,0.0024836157298319997,0.0022602171526400518,0.0020252893626426178,0.001801394324413227,0.0015851666715970209,0.0014033894777006782,0.0012545589507629046,0.001172678790990871,0.0011554856554931183,0.0012421922490653537,0.001429296505109898,0.00177123389832199,0.0022792359444995776,0.0030582108917235917,0.004149333375633384,0.005750571562338742,0.007896337429293203,0.010638597183305265,0.01399425835768547,0.017341611229615094,0.020179798651189476,0.02200166333335589,0.02223106718778213,0.02047163002233708,0.017104834079248583,0.012568693891261659,0.008092299592539464,0.00555492351630477,0.003628427814033565,0.0027937470294866944,0.002401179052568473,0.0018196323213680397,0.0014711950025154117,0.0014185414050107005,0.0012724739022815428,0.0009855099678704954,0.0005711121393459556,0.0003644170520194477,0.0002694835960252015,0.0001265760658569404,0.00013242940067354468,7366254305544329e-20,3944204189407346e-20,10295670449518908e-21,2509118289044395e-20,8898180125773152e-21,18193412919978548e-21,976745202437968e-20,18404093220661478e-21,875120070602293e-20,16750771984143793e-21,8035831322480385e-21,1543931138108115e-20,7397434202901404e-21,14337587127521465e-21,6924621735573093e-21,13500975837057195e-21,6520230196456919e-21,12812731562175476e-21,61773135255232605e-22,12267740502865201e-21,59006178141813865e-22,11774837196220663e-21,5257585660562909e-21,11500367269914144e-21,5066213934715696e-21,11279536048582623e-21,4921649996017494e-21,11128408339931508e-21,48068782149999135e-22,11047266335001345e-21,4716269578871155e-21,1105933173378058e-20,4625703884291757e-21,11218447771796988e-21,4380520450047971e-21,10104367331071805e-21,4625317372578376e-21,10281310876655812e-21,47341452387378395e-22
6248365749554307e-21,10686397714314833e-21,9381115585460511e-21,13843287911947102e-21,10260704340467684e-21,13283296509889954e-21,916447512985907e-20,13110462619815987e-21,9610540092564096e-21,14405892425047222e-21,1033293459396092e-20,18867629652267467e-21,21191577744533977e-21,5873032153070798e-20,0.00012430036019281534,0.00015608599799077558,0.00013824390520086554,0.00010085771685214434,0.0003070426350249968,0.0004355812025438941,0.00043917300265278067,0.0005034065564702521,0.0004806222608130954,0.000949382467814323,0.0018938987161623727,0.0031400408891808403,0.004381115383381901,0.005754160814413752,0.0069485199875368685,0.009364986607397785,0.011196160775010953,0.011189020354248128,0.011296548463831503,0.011095204214503666,0.010396837194074747,0.010727304487574658,0.012302523101477874,0.012932253189465271,0.011674174631557373,0.009802259716267693,0.00882513487873928,0.008531241438153436,0.008600450757154203,0.008851257387738658,0.009266628288480185,0.009765562204377073,0.010514797526380406,0.010976072792824098,0.011205800802289336,0.01150646326016692,0.012260040477221741,0.013501686600247085,0.015288249372492055,0.01715541905765625,0.018827876353044223,0.020174371339184677,0.02116524601603571,0.021398254381311523,0.02077887994812778,0.019506205441388643,0.01783160669945329,0.01613965124763016,0.01520861624347831,0.014544804553857961,0.013943815226204102,0.013638154027281963,0.013844640352913228,0.014984135846311425,0.01673429479178947,0.01600875238221805,0.0150502664953979,0.01623451182145746,0.016701161485041627,0.017770588204630802,0.02076561350980442,0.021688502814959976,0.018319866123218786,0.013756487622290214,0.010920126445533604,0.009285813470788537,0.007681684932082273,0.006531064669634879,0.006081229967235716,0.005932616233763098,0.005932672982636972,0.005654164341917413,0.0046326642604588,0.003577494330509129,0.003007488414529008,0.002761829157607713,0.0028122521837281684,0.0030297493406442545,0.0031890440750798636,0.0032974107820385686,0.003432602907503695,0.003512816066474757,0.0035327017853199454,0.0034828112705866375,0.003392034961933186,0.0032442053029658707,0.0030637129927124085,0.0028358057266378526,0.0025963595291540473,0.0023337119805905554,0.0020857566546292204,0.0018357310449338207,0.0016253474097894253,0.0014389743271432675,0.0013266576187844997,0.00127304950799512,0.0013333662419421066,0.0014910119429045706,0.0018127075353304633,0.0022960414283070885,0.0030504028854325487,0.00411825739100491,0.005674037947771787,0.007844010602304073,0.010628784547965443,0.014148344825261505,0.017958455254687183,0.021339130964814473,0.02385001112968719,0.02477646823336493,0.023635910189618015,0.020416838870111528,0.01584752994484015,0.01049693970090606,0.006987309150275308,0.004709908425068967,0.003261745559144283,0.0028631368671199493,0.0022250293398175937,0.0017298363942799128,0.0015708863705542406,0.0015027408258267557,0.0012106561695937141,0.0008066419748868874,0.0004311991000334417,0.0003652742584084415,0.00016586071430894865,0.0001529192690322744,0.00010064583220056249,618679160291698e-19,1115199843825416e-20,2913004037830238e-20,10501019326449497e-21,2129903152366236e-20,9071228636736073e-21,22165891726855807e-21,8663199081234164e-21,1993714549865156e-20,8041275425581332e-21,1826583861362426e-20,7476927082640837e-21,16855335595532284e-21,7031448940685293e-21,15792133825960707e-21,6669195869417916e-21,14911401604370183e-21,63584189046247714e-22,14206060773014482e-21,6102752447719627e-21,1364986985341888e-20,5532703573965166e-21,13017776494328411e-21,5522058827918615e-21,12576983102185494e-21,5524336510659596e-21,12230301558536871e-21,5559112453545783e-21,11953226034512061e-21,56373729343840505e-22,11742878744638738e-21,5782649239067996e-21,11560814536331424e-21,611323344859009e-20,10186365626309748e-21,601455340797557e-20,10414078095401377e-21
5222073504101897e-21,9716657564138212e-21,5287777257239303e-21,11031232420396553e-21,875360691148313e-20,1275917316064651e-20,888986816707405e-20,1179993920095233e-20,8267040335868689e-21,1194888363415503e-20,9056568799639856e-21,12991983738999572e-21,10429607099881309e-21,20001795969079087e-21,27160321132680944e-21,8538095169910715e-20,0.00012867051860652215,0.00014319318121885154,9399429828954826e-20,0.0001560525239459373,0.0003710543881325796,0.000377703933134061,0.00044297626837558633,0.00042053769676953797,0.0005755528777543418,0.0012246897425906094,0.002254764192803882,0.0033643131480295993,0.004579009013416096,0.005676813108815208,0.007184895076740362,0.009525654945868392,0.01016601890273349,0.01010928103831797,0.010183104619459074,0.009694016794730012,0.009315399927329517,0.010349106642832232,0.01157936324016532,0.011294138722088525,0.009643373814669851,0.0083026553362807,0.0077709412127393174,0.0077046416624548,0.007838710146048339,0.008167172965116608,0.008544771886645122,0.009140052631040847,0.009731020066877694,0.010013288927547239,0.010203929409585175,0.01065737627842734,0.011542074900588672,0.012926294352003268,0.014628454139334435,0.016245965093545055,0.01760983224218029,0.01869349639019657,0.0192923918815995,0.019115307088562346,0.01822942967271276,0.01689368281729315,0.015275874619825831,0.014064534034417637,0.013425950620215872,0.012832267980895842,0.01239050917644331,0.012329179843463944,0.012833409789091586,0.014394110277471017,0.015099222701091226,0.013737250503896738,0.014018805929068501,0.014977220028270202,0.015275710278856896,0.01728815669022116,0.01962862605197813,0.018447638581506314,0.014405808665937192,0.010921220866366856,0.009090423377751664,0.007657783839773023,0.0063318275374355595,0.0056320419766422505,0.005401389667400018,0.005340013031938012,0.005305619891962353,0.00471036015337482,0.0036626607335152935,0.002926090507820061,0.002572405304638417,0.002480870979223525,0.002628975632359357,0.0028154010615665495,0.0029215925591930736,0.0030347583810782183,0.003139422720503262,0.003184213526974573,0.0031703782954506975,0.0031060980676416907,0.00299913834117128,0.002850369678367787,0.002665895034915949,0.0024531755118789335,0.002226151603960645,0.0019938286199991362,0.001768865966823793,0.0015583419859107408,0.0013786085703104112,0.0012397274979161464,0.0011641043119317521,0.0011617527597328247,0.001259367549856318,0.001467245479051092,0.0018276897288901247,0.002368843680138919,0.003184953218794529,0.004333816184736741,0.0060118548273596665,0.008230539774980618,0.011065604086688437,0.014466608323439129,0.017759589221389777,0.02049854942933658,0.022125251158304587,0.022103378512820328,0.02007133390395497,0.016545130286222485,0.011875311932124608,0.0076353794720728585,0.005270483869118325,0.003426782767039042,0.002752557827776104,0.0023176054212298625,0.0017545102648451403,0.0014475890280955979,0.0014146281443209508,0.0012344879634841506,0.0009378143482242004,0.0005168031229182618,0.0003610602361177744,0.00024055318806304353,0.00012626842526956885,0.00012537713891473426,6945316385238754e-20,3174090403005055e-20,13482504542734465e-21,22058435648084286e-21,10827640081111191e-21,1604521752057125e-20,12027553028297758e-21,16118491558859532e-21,10703904012268532e-21,14742407790502028e-21,9793933992856416e-21,13626465785705773e-21,8998817206938888e-21,12690673932222337e-21,8410046667467934e-21,1197751652069607e-20,7908757708134438e-21,11389909651585979e-21,74904911601410765e-22,1092443919726402e-20,7159017937624042e-21,10448483670903391e-21,6477378019919173e-21,10289662211172475e-21,61969800002952405e-22,10157065979664e-18,5977627832942653e-21,10084205977709932e-21,5793369520041958e-21,10078718006664484e-21,5633551718046691e-21,10172324592020244e-21,5456845101314185e-21,10459075894671186e-21,4937410231405547e-21,9526874661398004e-21
44509636456332736e-22,7364356804103294e-21,4492423996576878e-21,8550661546752913e-21,7220646396391423e-21,9809851061893763e-21,7265693017717264e-21,9027585109871205e-21,6820641122672345e-21,9168457869147576e-21,7489483598361909e-21,9950046231500337e-21,8755409562961746e-21,15744808804451175e-21,2322085234682384e-20,7048512600555155e-20,0.00010300457889872395,0.000112361591490055,7185829973490668e-20,0.00013359557383060163,0.0002986046804858593,0.0002979604521518947,0.0003536116752051319,0.00032953234324883187,0.0004766610180788543,0.0010096777197996993,0.0018378380905757273,0.002711684500900916,0.0036804388686725413,0.004532958483784326,0.005789628386457868,0.007607264589589933,0.008024464643868282,0.007993653192941205,0.00803558282238127,0.007623845035972541,0.0073748697608454735,0.00825121335001375,0.009175573196715008,0.008862381500785766,0.0075323468161914665,0.0065180072006715255,0.006126879352207952,0.006090549414098135,0.006203722633243288,0.0064711237500210145,0.006771863496293382,0.007255695296768637,0.007707068739986564,0.007920362531352145,0.008073747368394286,0.008453636864852893,0.00917336816837393,0.010292776910734712,0.01163947701186579,0.012908759513747044,0.01397099935768876,0.014812583844012095,0.015250563187160024,0.015072744723073702,0.014343875751803565,0.013271285043715051,0.011991208571232462,0.011072338088566011,0.010577192540076163,0.010110799639423821,0.00977491678624116,0.00974942177635807,0.01018928156280993,0.01145731315615839,0.011887199092374241,0.01080621423212719,0.01113728334113828,0.011847223614627369,0.012113684589970107,0.013800815212306895,0.015548218063967634,0.014413774526055231,0.011173226300026916,0.008505998338207551,0.007112105284724143,0.0059771754826732654,0.004951479539776021,0.004430990389788372,0.004260743794161782,0.004219541404748065,0.004179801699399443,0.003673538842590881,0.002846177600125171,0.002287384136963151,0.0020214867967006823,0.0019626983179026423,0.0020870844864236413,0.002231089273834013,0.0023126640229087264,0.0024037560301659786,0.002483567012260812,0.0025164698507638074,0.002502218250919297,0.002449895389444943,0.0023626074210612033,0.0022439022809473737,0.00209577453412276,0.001927530302672521,0.0017468452171636748,0.0015643108353160338,0.0013861468252119714,0.001221973782721783,0.001080661372073145,0.0009746613858578081,0.0009170988401007231,0.0009207702962463128,0.0010017277066657322,0.0011737438873110006,0.00146513045399082,0.0019052396473986438,0.0025633765617894266,0.003493084481568795,0.004846296391329266,0.00662586060942199,0.008899490883006017,0.01159907961552904,0.014179906236170112,0.016305827894884356,0.017519010554527616,0.017409585187016012,0.015709878952640036,0.012867670823035814,0.009137263166252962,0.005882028924516919,0.004063380522420315,0.0026432659892058723,0.002160849671624833,0.001800638431075456,0.0013644194022876884,0.001137229855632915,0.0011152370896585573,0.0009616256826374995,0.0007229091511298782,0.0003907929041018128,0.0002841121495259345,0.00017964783425011732,0.0001005013648835483,9603020398457153e-20,5360697387930357e-20,22336752258143257e-21,12035100761008712e-21,1612729363544237e-20,9432572872809885e-21,11776421302185933e-21,10431399453317853e-21,11795153620091057e-21,92787975222728e-19,10812863903858173e-21,8482755265271491e-21,10007479339150794e-21,7792557197700795e-21,933311446809581e-20,7280516779472658e-21,8817957167415615e-21,6846124799331214e-21,8392690867612618e-21,6486149853351038e-21,8055313438340473e-21,6202821811364495e-21,7684113379487471e-21,5656115536195599e-21,7594486276630874e-21,5405800272235121e-21,7518694414409765e-21,5208232813618475e-21,7486398944037164e-21,5040815459300396e-21,7505637959110035e-21,4893945322739758e-21,7603613564062497e-21,4730084974233243e-21,786740910786271e-20,4222530743758172e-21,7208161601671397e-21
