0.45935,0.37552,0.30907,0.27497,0.1721
0.46136,0.37572,0.30956,0.27513,0.17093
0.46275,0.37572,0.31044,0.27492,0.17045
0.4633,0.37544,0.3117,0.27436,0.17061
0.46386,0.37491,0.31308,0.2735,0.17114
0.4653,0.37431,0.31432,0.27243,0.17171
0.46717,0.37376,0.31548,0.27127,0.17221
0.46809,0.37331,0.31667,0.27007,0.17279
0.46767,0.37302,0.31769,0.2689,0.17364
0.46699,0.37308,0.31829,0.2679,0.17471
0.46741,0.37353,0.31872,0.26719,0.17573
0.46908,0.37425,0.3196,0.26679,0.17646
0.47056,0.37499,0.32117,0.26657,0.17685
0.4704,0.37549,0.32299,0.26634,0.17702
0.46883,0.37569,0.32455,0.26608,0.17716
0.46733,0.37575,0.32573,0.26593,0.17749
0.46661,0.37582,0.32666,0.26598,0.17813
0.46586,0.37574,0.32736,0.26631,0.17898
0.46386,0.37524,0.32773,0.267,0.17976
0.4605,0.37418,0.32783,0.2681,0.18031
0.45705,0.37274,0.32795,0.26944,0.18075
0.45484,0.37126,0.32837,0.27068,0.18131
0.45383,0.37006,0.32903,0.27161,0.18212
0.45274,0.36934,0.3296,0.27233,0.18309
0.45065,0.36907,0.33002,0.27303,0.18406
0.44808,0.36915,0.33048,0.27375,0.18494
0.4462,0.36952,0.33096,0.27442,0.18568
0.44512,0.37023,0.33118,0.27491,0.18643
0.44393,0.37128,0.33092,0.27513,0.18746
0.44213,0.37259,0.33023,0.27511,0.18887
0.44022,0.37399,0.32933,0.27518,0.19038
0.43878,0.37536,0.32846,0.27576,0.19151
0.43771,0.3767,0.32779,0.27695,0.19212
0.43646,0.37811,0.3274,0.27843,0.19244
0.43453,0.37967,0.32711,0.27977,0.19268
0.43199,0.38141,0.32653,0.28081,0.19286
0.42952,0.38329,0.32545,0.28178,0.19284
0.42787,0.38516,0.32418,0.28293,0.19248
0.42713,0.38683,0.3231,0.28424,0.19173
0.42664,0.38818,0.32216,0.28543,0.19062
0.42564,0.38918,0.32099,0.28636,0.18931
0.42398,0.38976,0.31944,0.28707,0.18794
0.422,0.3898,0.3177,0.28758,0.18661
0.41993,0.38926,0.31607,0.28777,0.1854
0.418,0.3884,0.31485,0.28758,0.18436
0.41665,0.38757,0.31415,0.28705,0.18346
0.41614,0.38691,0.31379,0.28644,0.18263
0.41585,0.38633,0.31334,0.28611,0.18189
0.41482,0.38575,0.3125,0.28621,0.18122
0.41283,0.38523,0.31126,0.28655,0.18051
0.41057,0.3849,0.30995,0.28667,0.17973
0.40884,0.38481,0.30894,0.28634,0.17909
0.40791,0.38479,0.30831,0.28575,0.17881
0.40739,0.38455,0.3078,0.28515,0.1788
0.40669,0.38397,0.30701,0.28454,0.17875
0.40561,0.38309,0.30573,0.28384,0.17842
0.4044,0.38202,0.30402,0.2832,0.17783
0.40327,0.38076,0.30213,0.28295,0.17715
0.40231,0.37931,0.30036,0.28322,0.17656
0.40195,0.37776,0.29872,0.28379,0.17609
0.40276,0.37621,0.29709,0.28438,0.17564
0.40467,0.3747,0.29542,0.28497,0.17512
0.40713,0.37322,0.29382,0.2857,0.17461
0.40988,0.37196,0.29244,0.28653,0.1742
0.41294,0.37112,0.29134,0.28722,0.17399
0.41607,0.37075,0.29058,0.28754,0.17401
0.41886,0.37065,0.29026,0.28757,0.17412
0.42116,0.37065,0.29046,0.28765,0.1741
0.42316,0.37057,0.29111,0.28795,0.17388
0.42519,0.37018,0.29202,0.28826,0.17363
0.42743,0.36933,0.29298,0.28825,0.17361
0.4299,0.36815,0.29382,0.28802,0.17396
0.43259,0.36682,0.29436,0.28801,0.17465
0.43539,0.36541,0.29456,0.2885,0.17555
0.43817,0.36403,0.29472,0.28938,0.17659
0.44074,0.36302,0.29537,0.2904,0.1777
0.44292,0.36275,0.29675,0.29144,0.17877
0.44478,0.3632,0.29861,0.29241,0.17981
0.44655,0.36381,0.30047,0.29322,0.181
0.44825,0.36396,0.30198,0.29389,0.18244
0.44962,0.36374,0.30312,0.2946,0.18405
0.45071,0.36384,0.30412,0.29546,0.18571
0.45193,0.36475,0.3052,0.2964,0.18734
0.45347,0.36615,0.30648,0.29726,0.18894
0.45489,0.36748,0.30795,0.29803,0.19053
0.45558,0.36858,0.30944,0.29888,0.19199
0.45541,0.3695,0.31074,0.29983,0.19322
0.45469,0.3703,0.31182,0.3006,0.19425
0.45322,0.37114,0.31273,0.30077,0.19524
0.4485,0.37222,0.31343,0.30027,0.1963
0.43376,0.37359,0.31389,0.2995,0.19726
0.39861,0.375,0.31427,0.29887,0.19791
0.33712,0.37608,0.31473,0.29835,0.19826
0.26071,0.37663,0.31517,0.29762,0.19866
0.19868,0.37681,0.31531,0.29667,0.19943
0.17457,0.37697,0.315,0.29581,0.20052
0.18243,0.37735,0.3143,0.29527,0.20159
0.19307,0.37787,0.31324,0.29499,0.20245
0.17667,0.37831,0.31166,0.29486,0.2031
0.12308,0.37855,0.30945,0.29481,0.2036
0.074201,0.37878,0.30678,0.29488,0.2039
0.12723,0.37941,0.3041,0.29505,0.20397
0.34033,0.38062,0.30205,0.29506,0.20394
0.6396,0.38211,0.3014,0.29461,0.20402
0.88406,0.38337,0.30237,0.2937,0.20426
0.99833,0.38427,0.30416,0.29258,0.20448
1,0.38502,0.30545,0.29146,0.20451
0.95205,0.3858,0.30548,0.29044,0.20436
0.90459,0.38644,0.30458,0.28958,0.20411
0.84346,0.38673,0.30351,0.28882,0.20372
0.73743,0.38668,0.30259,0.28804,0.20309
0.63511,0.38646,0.30155,0.28709,0.20226
0.61376,0.38608,0.3002,0.28588,0.20141
0.65863,0.38537,0.29878,0.28455,0.20071
0.69082,0.38418,0.29759,0.28331,0.20016
0.67022,0.38271,0.29664,0.28227,0.19964
0.62075,0.38135,0.29575,0.28124,0.19896
0.5969,0.38036,0.29478,0.27996,0.19805
0.62581,0.37968,0.29386,0.27849,0.19696
0.66596,0.37904,0.29342,0.27721,0.19584
0.65575,0.37826,0.29383,0.27646,0.1949
0.59329,0.37743,0.29486,0.27628,0.1942
0.52139,0.3768,0.29575,0.27658,0.1935
0.45788,0.37634,0.29591,0.27728,0.1924
0.3936,0.37581,0.29539,0.27822,0.19079
0.33249,0.3751,0.29451,0.27919,0.18897
0.28647,0.3744,0.29347,0.28009,0.18736
0.25578,0.3739,0.29247,0.28101,0.18614
0.23669,0.37355,0.292,0.28205,0.18516
0.21899,0.37323,0.29256,0.28326,0.18414
0.18185,0.3728,0.29415,0.28461,0.18286
0.1229,0.37219,0.29613,0.28605,0.18129
0.072926,0.37128,0.29767,0.28737,0.17959
0.06542,0.37004,0.29847,0.28829,0.1781
0.10977,0.36862,0.29898,0.28861,0.177
0.18695,0.36729,0.29991,0.28842,0.17621
0.25597,0.3663,0.30154,0.28806,0.1755
0.28737,0.36577,0.30361,0.28777,0.17472
0.29848,0.36569,0.30578,0.28746,0.17385
0.32843,0.36592,0.30801,0.28679,0.17312
0.38215,0.36615,0.3105,0.28561,0.17277
0.42414,0.36612,0.31314,0.2842,0.17282
0.42204,0.36581,0.31548,0.28301,0.17305
0.38689,0.36528,0.31706,0.28212,0.17315
0.36798,0.36464,0.31797,0.28122,0.173
0.39175,0.36398,0.31868,0.27985,0.17274
0.42105,0.36334,0.31963,0.27787,0.17267
0.41198,0.36271,0.32087,0.27555,0.17287
0.38283,0.36221,0.32226,0.27325,0.1732
0.38193,0.36197,0.32361,0.27105,0.17351
0.41713,0.362,0.3247,0.26888,0.17382
0.45372,0.362,0.32533,0.26674,0.17415
0.46214,0.36156,0.32543,0.26476,0.17434
0.44483,0.36067,0.32521,0.26299,0.17439
0.42112,0.3598,0.32508,0.26157,0.17458
0.39761,0.35935,0.32537,0.26062,0.17511
0.36403,0.35918,0.3262,0.26008,0.17589
0.32269,0.35884,0.32751,0.25983,0.17668
0.30527,0.35817,0.32908,0.25997,0.1774
0.3383,0.35737,0.33069,0.26076,0.17812
0.4042,0.35675,0.33233,0.26217,0.1789
0.46366,0.35633,0.33397,0.2638,0.17954
0.50456,0.35593,0.33542,0.26529,0.17982
0.54135,0.35545,0.33654,0.26667,0.17981
0.57923,0.35503,0.33749,0.26821,0.17993
0.60487,0.35489,0.33831,0.27007,0.18051
0.60563,0.3551,0.33858,0.27213,0.18139
0.58199,0.3555,0.33783,0.2742,0.18217
0.54488,0.35602,0.33613,0.27616,0.18268
0.50807,0.35673,0.3341,0.27806,0.18293
0.48182,0.35767,0.3324,0.27988,0.183
0.47247,0.35868,0.33134,0.28143,0.18298
0.4825,0.35962,0.33075,0.28242,0.18306
0.50197,0.36056,0.33004,0.28264,0.1834
0.51121,0.3617,0.32858,0.28218,0.18415
0.50737,0.36324,0.32631,0.28144,0.18538
0.51103,0.36514,0.32374,0.28083,0.18694
0.52999,0.36718,0.32139,0.28041,0.18843
0.53883,0.36922,0.31946,0.27994,0.18955
0.51474,0.37122,0.31786,0.27924,0.19034
0.4747,0.37315,0.31657,0.27848,0.19106
0.45552,0.37489,0.31565,0.278,0.19194
0.46671,0.37648,0.31502,0.27795,0.19298
0.48128,0.37809,0.31424,0.27811,0.19413
0.47191,0.37978,0.31307,0.2782,0.19535
0.44471,0.38136,0.31186,0.27829,0.19655
0.43043,0.38275,0.31095,0.27872,0.19756
0.44408,0.38427,0.31024,0.27965,0.19817
0.46442,0.38617,0.30935,0.28079,0.19833
0.46219,0.38822,0.30808,0.28179,0.19821
0.43556,0.38994,0.30664,0.28248,0.1981
0.40197,0.39113,0.30541,0.28292,0.19814
0.36989,0.392,0.30459,0.28319,0.19828
0.33828,0.39277,0.30383,0.28343,0.19834
0.31404,0.39346,0.30247,0.28388,0.19818
0.31345,0.39404,0.30043,0.28461,0.19786
0.34392,0.39465,0.29844,0.28538,0.19754
0.38743,0.39559,0.29715,0.28592,0.19735
0.41194,0.39688,0.29634,0.28626,0.19737
0.40532,0.39812,0.29558,0.28656,0.19766
0.38665,0.39879,0.29506,0.28675,0.19825
0.37928,0.39865,0.29528,0.28657,0.19904
0.38825,0.39785,0.29598,0.28606,0.19988
0.4093,0.39668,0.29625,0.28553,0.20061
0.44302,0.39541,0.29569,0.2853,0.20109
0.48684,0.39424,0.29494,0.28544,0.20142
0.52052,0.3933,0.29489,0.28581,0.20176
0.51893,0.39259,0.29594,0.2862,0.20214
0.48746,0.39199,0.29797,0.28649,0.20251
0.4673,0.39125,0.30057,0.2866,0.20294
0.48864,0.39011,0.30306,0.28645,0.20342
0.53343,0.3885,0.30457,0.28613,0.20368
0.56303,0.38669,0.30479,0.28588,0.20349
0.56741,0.3853,0.30433,0.28576,0.20297
0.56491,0.38487,0.30418,0.28561,0.20248
0.56295,0.38543,0.30487,0.28524,0.20216
0.54306,0.3865,0.30609,0.28467,0.20183
0.48799,0.38755,0.30708,0.28409,0.20129
0.41007,0.38847,0.30726,0.28363,0.20053
0.34386,0.38941,0.30665,0.28321,0.19962
0.31194,0.39052,0.30569,0.28263,0.19857
0.30586,0.39181,0.30482,0.28175,0.19739
0.30445,0.3932,0.3042,0.28072,0.19606
0.30032,0.39457,0.30376,0.2799,0.19458
0.30347,0.3958,0.30326,0.27948,0.19299
0.32733,0.39674,0.30254,0.27933,0.19135
0.37055,0.39719,0.30163,0.27925,0.18967
0.41291,0.39702,0.30072,0.27925,0.18786
0.43638,0.39632,0.29982,0.27943,0.18576
0.44011,0.39523,0.29885,0.27968,0.18332
0.42823,0.39393,0.29793,0.27983,0.18068
0.40156,0.39258,0.29729,0.27992,0.17804
0.36598,0.39125,0.29686,0.28011,0.17548
0.33259,0.38992,0.29628,0.28044,0.17301
0.30948,0.38855,0.29519,0.28075,0.17069
0.30103,0.38715,0.29279,0.2808,0.16869
0.31157,0.38565,0.28673,0.28043,0.16724
0.34384,0.38399,0.27289,0.27953,0.16634
0.39288,0.38232,0.24758,0.27812,0.16565
0.44388,0.38083,0.21292,0.27661,0.16474
0.48372,0.37949,0.18165,0.27556,0.16344
0.51412,0.37802,0.17398,0.27519,0.16199
0.54508,0.37628,0.20402,0.27524,0.16078
0.58016,0.37446,0.26509,0.27522,0.16006
0.61611,0.37282,0.32977,0.27487,0.15981
0.64818,0.37142,0.36899,0.27432,0.15983
0.66993,0.37002,0.37294,0.27393,0.15982
0.67337,0.36833,0.35326,0.27379,0.15965
0.65165,0.36624,0.32787,0.27374,0.15947
0.60452,0.36393,0.3076,0.27377,0.15956
0.54257,0.3618,0.29561,0.27409,0.15996
0.47945,0.36023,0.29454,0.27485,0.1605
0.4233,0.35933,0.30865,0.27592,0.16118
0.38197,0.35892,0.33731,0.27702,0.16216
0.36383,0.35878,0.3706,0.27794,0.16345
0.36941,0.35869,0.39539,0.27866,0.16485
0.39531,0.35849,0.40416,0.27941,0.1662
0.43855,0.35808,0.39624,0.28046,0.16749
0.48252,0.35741,0.3745,0.28181,0.16867
0.49383,0.35656,0.34528,0.28312,0.16974
0.44936,0.35588,0.32056,0.28407,0.17085
0.36387,0.35587,0.31478,0.28475,0.17219
0.28842,0.35672,0.33333,0.28552,0.17382
0.27607,0.35804,0.36277,0.28661,0.17555
0.33683,0.35912,0.378,0.28789,0.17718
0.42499,0.35943,0.36425,0.28904,0.17865
0.47616,0.35901,0.33005,0.28989,0.17994
0.45584,0.35827,0.29659,0.29056,0.1809
0.37785,0.35761,0.27716,0.29126,0.1814
0.28759,0.35714,0.27005,0.29215,0.18164
0.22822,0.35687,0.26909,0.29328,0.18201
0.21747,0.35682,0.27493,0.29462,0.18273
0.2525,0.35699,0.29044,0.29604,0.18361
0.32359,0.35738,0.30818,0.2973,0.18435
0.41283,0.35795,0.31243,0.2982,0.18489
0.49199,0.35854,0.29693,0.29879,0.18546
0.54004,0.35894,0.27365,0.2993,0.18625
0.5619,0.35917,0.25961,0.29984,0.18732
0.57549,0.3595,0.2606,0.30033,0.18854
0.58068,0.36013,0.27203,0.30058,0.18973
0.55788,0.36095,0.28963,0.3006,0.19087
0.49946,0.36185,0.31132,0.30055,0.19216
0.42671,0.36292,0.33061,0.30053,0.19376
0.37167,0.36427,0.33787,0.30046,0.19569
0.35117,0.36573,0.33183,0.30017,0.19784
0.36169,0.36703,0.32403,0.29962,0.19997
0.3912,0.36802,0.32572,0.29896,0.20185
0.42802,0.36875,0.33297,0.29833,0.2035
0.46272,0.36926,0.33224,0.29758,0.20528
0.48964,0.36951,0.32123,0.2964,0.20746
0.50915,0.36952,0.31556,0.29469,0.20989
0.52461,0.36956,0.32903,0.29277,0.21219
0.52966,0.36992,0.35303,0.29105,0.21411
0.50569,0.37061,0.36397,0.28947,0.21571
0.44831,0.37134,0.34911,0.2876,0.21706
0.38694,0.37188,0.318,0.28537,0.21813
0.36042,0.37229,0.28952,0.28326,0.21885
0.38375,0.37273,0.27468,0.28181,0.21927
0.4439,0.37326,0.27334,0.28108,0.21945
0.508,0.37382,0.28101,0.28066,0.21936
0.53749,0.37424,0.29268,0.2801,0.21898
0.51857,0.37444,0.30173,0.27927,0.2184
0.47553,0.37443,0.30245,0.27841,0.21767
0.43671,0.37428,0.29704,0.27782,0.21675
0.39752,0.37403,0.29556,0.27759,0.21559
0.33804,0.37365,0.30449,0.27752,0.21423
0.27184,0.37313,0.31818,0.27746,0.21268
0.24878,0.37257,0.32592,0.27753,0.21087
0.29927,0.37218,0.32494,0.27802,0.20886
0.39664,0.3721,0.32144,0.27903,0.20677
0.48703,0.37228,0.3207,0.2802,0.20467
0.54017,0.37258,0.32212,0.28099,0.20249
0.55883,0.37295,0.32447,0.28116,0.20017
0.5526,0.37336,0.32971,0.28071,0.19781
0.52196,0.37378,0.33813,0.27969,0.19563
0.4686,0.37422,0.34536,0.2782,0.19365
0.41137,0.3747,0.34897,0.27639,0.1917
0.38222,0.37524,0.35446,0.2745,0.18962
0.39934,0.37581,0.36818,0.27272,0.18746
0.44929,0.37644,0.38493,0.27131,0.18525
0.50384,0.37712,0.38877,0.27055,0.18302
0.54366,0.37767,0.37052,0.27053,0.18071
0.558,0.37789,0.34049,0.27095,0.17832
0.54362,0.3777,0.31824,0.2714,0.17605
0.51734,0.37723,0.31214,0.27183,0.17424
0.50568,0.37677,0.31528,0.27257,0.17297
0.50598,0.37658,0.3188,0.27379,0.17188
0.48185,0.37681,0.32072,0.27529,0.17049
0.41729,0.37741,0.31985,0.27666,0.1687
0.35152,0.37813,0.30953,0.27771,0.16684
0.33176,0.37869,0.28468,0.27859,0.16522
0.35488,0.37893,0.25312,0.27951,0.16387
0.38451,0.37901,0.2333,0.28063,0.16269
0.39884,0.37922,0.23743,0.28192,0.16162
0.39891,0.37975,0.26012,0.28319,0.16075
0.39761,0.38049,0.28618,0.28432,0.16009
0.41083,0.38113,0.30572,0.28551,0.1594
0.43727,0.38136,0.31792,0.28703,0.15845
0.45328,0.38111,0.32398,0.28882,0.15729
0.44528,0.38058,0.32297,0.29053,0.15632
0.43368,0.38014,0.315,0.29199,0.15597
0.45303,0.38005,0.30306,0.29326,0.15646
0.51368,0.3803,0.2901,0.2944,0.15767
0.58077,0.38063,0.27773,0.2953,0.15929
0.59646,0.38086,0.2694,0.29589,0.16114
0.54146,0.38105,0.27047,0.29611,0.16325
0.46496,0.38142,0.28281,0.29587,0.16569
0.43232,0.38205,0.3005,0.29506,0.16847
0.45935,0.38277,0.31125,0.29375,0.1715
0.51289,0.38327,0.3029,0.29225,0.17462
0.54708,0.38346,0.27318,0.2909,0.17767
0.52436,0.38358,0.23542,0.28981,0.18057
0.43619,0.3839,0.21177,0.28877,0.1834
0.32487,0.38442,0.21623,0.28753,0.18623
0.2584,0.38487,0.24257,0.28609,0.18905
0.26342,0.38502,0.2695,0.28468,0.19184
0.2984,0.38489,0.27967,0.28346,0.1945
0.30334,0.38461,0.27341,0.28241,0.1969
0.26039,0.38432,0.26272,0.28148,0.19894
0.19982,0.38403,0.25587,0.2806,0.20059
0.15966,0.38365,0.25287,0.27964,0.20183
0.1469,0.38304,0.25262,0.27846,0.20266
0.14077,0.38221,0.25634,0.27715,0.20314
0.12977,0.38135,0.26312,0.27609,0.20341
0.1256,0.38063,0.26872,0.2756,0.20357
0.14131,0.38011,0.27081,0.27567,0.20375
0.17917,0.37965,0.27092,0.27608,0.20392
0.23702,0.37914,0.27032,0.27662,0.20383
0.30676,0.37865,0.26921,0.27712,0.20322
0.37522,0.37832,0.27139,0.27748,0.20198
0.44097,0.37805,0.28398,0.27772,0.20022
0.51888,0.37756,0.30875,0.27805,0.19819
0.61699,0.37659,0.33768,0.2787,0.19614
0.7165,0.37517,0.36037,0.27962,0.19426
0.77994,0.37365,0.37279,0.28064,0.19263
0.78032,0.37243,0.37596,0.28171,0.19129
0.72669,0.37163,0.37039,0.28283,0.19021
0.65915,0.37113,0.35711,0.28385,0.18941
0.61352,0.37097,0.34182,0.2846,0.18886
0.59447,0.37141,0.33277,0.2851,0.18843
0.5846,0.37247,0.33371,0.28551,0.18807
0.57052,0.37382,0.34088,0.28594,0.18778
0.55515,0.37501,0.34685,0.2863,0.18753
0.55431,0.37584,0.34725,0.28647,0.18719
0.58612,0.37635,0.34429,0.28645,0.1867
0.65003,0.37658,0.34349,0.28641,0.18608
0.70943,0.37667,0.34637,0.28645,0.18546
0.7116,0.37694,0.34709,0.28646,0.18502
0.64111,0.37761,0.33858,0.28616,0.18485
0.54586,0.37847,0.32202,0.28547,0.18493
0.49174,0.37912,0.30663,0.28466,0.18507
0.49482,0.37931,0.29988,0.28416,0.18511
0.51904,0.37917,0.30281,0.28413,0.18505
0.53504,0.37889,0.31473,0.2843,0.18503
0.55048,0.37852,0.33532,0.28426,0.18505
0.58122,0.37801,0.35922,0.28385,0.18495
0.61496,0.37732,0.37481,0.28318,0.18468
0.60764,0.37649,0.37423,0.28229,0.18453
0.51772,0.37558,0.36323,0.28123,0.18476
0.35333,0.37464,0.35628,0.28017,0.18521
0.17641,0.37376,0.3615,0.27936,0.18556
0.05067,0.37302,0.37455,0.27889,0.18577
0,0.37245,0.38759,0.27862,0.18614
0.018886,0.37188,0.3977,0.27838,0.18681
0.09214,0.3711,0.40354,0.2781,0.18758
0.19184,0.37005,0.40058,0.27775,0.18813
0.28106,0.36882,0.38652,0.27727,0.18842
0.3394,0.36757,0.36827,0.27662,0.18873
0.37551,0.36658,0.35695,0.27592,0.18927
0.40356,0.36601,0.35615,0.27535,0.18987
0.41407,0.36573,0.35834,0.27487,0.19021
0.38554,0.36541,0.35372,0.27436,0.19015
0.32698,0.36491,0.34109,0.27381,0.18979
0.28738,0.36438,0.32966,0.27337,0.18923
0.3115,0.36396,0.32922,0.27318,0.1885
0.39662,0.36364,0.3374,0.27332,0.18752
0.49793,0.36335,0.33955,0.27373,0.18635
0.56938,0.36312,0.32522,0.27411,0.1852
0.59657,0.36312,0.30124,0.27427,0.18433
0.5936,0.36345,0.28304,0.27426,0.18385
0.58015,0.36407,0.27698,0.27419,0.18364
0.57253,0.36486,0.27774,0.27397,0.1835
0.58312,0.36568,0.2785,0.27342,0.18336
0.60691,0.36642,0.27611,0.27256,0.18334
0.61742,0.36705,0.26813,0.27158,0.18357
0.5933,0.36773,0.25155,0.27067,0.18404
0.54259,0.36863,0.22757,0.26989,0.1846
0.49272,0.36979,0.20545,0.26918,0.18507
0.46375,0.37106,0.19744,0.26843,0.18536
0.45388,0.37231,0.20701,0.26761,0.18552
0.44683,0.37347,0.22428,0.26691,0.18559
0.43337,0.37453,0.23638,0.26659,0.18552
0.42123,0.37543,0.24012,0.26671,0.18526
0.41801,0.3762,0.24156,0.26701,0.18487
0.4136,0.37695,0.24516,0.26719,0.18456
0.39058,0.37779,0.24804,0.26724,0.18457
0.34818,0.37874,0.2464,0.26737,0.18499
0.31019,0.37977,0.2445,0.26765,0.18566
0.30787,0.3808,0.25083,0.26801,0.18638
0.34954,0.38183,0.26446,0.26843,0.18699
0.40749,0.38298,0.27447,0.26899,0.18736
0.44285,0.38428,0.27654,0.26981,0.18729
0.44056,0.38551,0.28077,0.27093,0.18672
0.41319,0.38651,0.29675,0.27222,0.18584
0.38079,0.38723,0.31857,0.27347,0.18507
0.35834,0.38775,0.33256,0.27463,0.1848
0.35338,0.3881,0.33554,0.27578,0.18517
0.36492,0.38823,0.33569,0.27684,0.18601
0.38811,0.38803,0.33684,0.27757,0.18691
0.42214,0.38745,0.33321,0.27797,0.18763
0.46782,0.38667,0.32234,0.27843,0.18822
0.51902,0.38597,0.314,0.27942,0.18869
0.56037,0.38548,0.32029,0.28091,0.18895
0.57349,0.38518,0.34042,0.28252,0.1889
0.55011,0.38509,0.36039,0.28396,0.18859
0.50162,0.3852,0.36761,0.28533,0.18819
0.44838,0.38543,0.36247,0.28685,0.18777
0.40309,0.38555,0.35349,0.28865,0.18727
0.37572,0.38536,0.34441,0.29066,0.18663
0.38159,0.38493,0.33113,0.29269,0.18579
0.42339,0.38447,0.30995,0.29453,0.18476
0.47434,0.38414,0.28503,0.29603,0.18372
0.49882,0.38401,0.26815,0.29715,0.18294
0.48807,0.38403,0.27209,0.29793,0.18258
0.46436,0.38389,0.30052,0.29854,0.18255
0.44854,0.38294,0.34137,0.29919,0.18266
0.43378,0.38045,0.37197,0.3,0.18274
0.40018,0.376,0.37465,0.30088,0.18281
0.34831,0.37001,0.34844,0.30171,0.18305
0.30342,0.36398,0.3071,0.30238,0.18356
0.28636,0.35999,0.26956,0.3028,0.18419
0.29339,0.35945,0.25116,0.30288,0.18468
0.307,0.36229,0.25607,0.30253,0.18492
0.31467,0.36738,0.27352,0.30172,0.18495
0.31117,0.37347,0.28575,0.30047,0.18493
0.29462,0.37949,0.2842,0.29885,0.18511
0.27145,0.38433,0.27555,0.29698,0.18564
0.25807,0.38717,0.26975,0.295,0.18644
0.26988,0.38779,0.26846,0.29304,0.18728
0.31036,0.38657,0.2693,0.29117,0.18808
0.36874,0.38425,0.27278,0.28947,0.18895
0.42592,0.38186,0.2773,0.28788,0.18996
0.46775,0.38056,0.2746,0.2863,0.19103
0.49331,0.38097,0.26,0.28471,0.19208
0.51007,0.38218,0.24153,0.28321,0.19308
0.52931,0.38208,0.22909,0.28201,0.1941
0.5645,0.37926,0.22134,0.28116,0.1952
0.6187,0.37419,0.21549,0.28055,0.1963
0.67196,0.36843,0.22227,0.28001,0.19711
0.69334,0.36331,0.25375,0.27941,0.19746
0.66661,0.35979,0.29956,0.27876,0.19742
0.60133,0.35853,0.33339,0.2782,0.19715
0.52531,0.3596,0.34379,0.27785,0.19667
0.46832,0.36202,0.34254,0.27763,0.19588
0.44356,0.36402,0.34239,0.27732,0.1947
0.44069,0.36432,0.34258,0.27684,0.19322
0.44016,0.36298,0.34056,0.27631,0.19158
0.43183,0.36108,0.34317,0.27589,0.18989
0.41735,0.35964,0.35619,0.27572,0.18821
0.40101,0.35937,0.3723,0.27587,0.18653
0.38297,0.36109,0.38005,0.27625,0.18487
0.36067,0.36525,0.37949,0.2766,0.18339
0.33714,0.37055,0.37959,0.27684,0.18232
0.32541,0.37393,0.38343,0.27717,0.18171
0.33825,0.3729,0.3849,0.2778,0.18149
0.37458,0.36774,0.37947,0.27864,0.18167
0.42129,0.36064,0.37051,0.27947,0.18223
0.46706,0.35337,0.36372,0.28026,0.1831
0.50906,0.34683,0.36095,0.2812,0.18409
0.54556,0.34218,0.36151,0.28245,0.18501
0.56712,0.34077,0.36436,0.28397,0.18568
0.56131,0.34287,0.36682,0.28553,0.18613
0.52874,0.34743,0.36549,0.28693,0.18659
0.48982,0.3528,0.36177,0.28814,0.18718
0.46826,0.35745,0.36374,0.28934,0.18775
0.46733,0.36026,0.37787,0.29069,0.18807
0.46912,0.36105,0.39696,0.29226,0.18812
0.45895,0.36063,0.40041,0.29406,0.18805
0.4437,0.36025,0.37362,0.29603,0.18798
0.44151,0.36055,0.32715,0.29801,0.18786
0.45694,0.36131,0.28921,0.2999,0.18749
0.47202,0.36223,0.27568,0.30157,0.18679
0.46335,0.3635,0.27402,0.30291,0.18587
0.42447,0.36523,0.26141,0.30388,0.185
0.37061,0.36693,0.23118,0.30449,0.18437
0.32722,0.36792,0.19496,0.30474,0.18399
0.31493,0.36813,0.16725,0.30464,0.18375
0.33892,0.36825,0.15737,0.30442,0.18361
0.38932,0.36915,0.16988,0.30436,0.1836
0.44987,0.37104,0.20167,0.30463,0.18361
0.50452,0.37353,0.23973,0.30516,0.18344
0.54341,0.37676,0.26766,0.30581,0.18289
0.5705,0.38156,0.27478,0.30646,0.18203
0.59927,0.38794,0.26119,0.30692,0.18123
0.63764,0.39392,0.24047,0.30695,0.18086
0.68387,0.39659,0.23641,0.30658,0.18091
0.73214,0.39381,0.26889,0.30618,0.18097
0.76986,0.385,0.33802,0.30602,0.18062
0.77572,0.37159,0.4205,0.30591,0.17973
0.73375,0.35757,0.47991,0.3054,0.17859
0.64877,0.34878,0.48479,0.30433,0.17762
0.54269,0.35041,0.42964,0.303,0.17708
0.43727,0.36414,0.34517,0.30173,0.17698
0.34188,0.38709,0.27931,0.30044,0.17715
0.25505,0.41379,0.25749,0.29873,0.17736
0.1758,0.44097,0.26256,0.29656,0.17748
0.11232,0.47094,0.26016,0.29447,0.17762
0.077983,0.50757,0.23995,0.29302,0.17799
0.078284,0.54525,0.22222,0.29219,0.17869
0.10287,0.5624,0.22655,0.29149,0.17963
0.13273,0.53059,0.24886,0.29055,0.18068
0.15476,0.43498,0.27442,0.28933,0.18184
0.167,0.29041,0.29985,0.28796,0.1831
0.17292,0.13933,0.33274,0.28648,0.18438
0.17691,0.031583,0.37645,0.28487,0.18572
0.1835,0,0.42313,0.28323,0.18729
0.19599,0.048517,0.45856,0.28192,0.18919
0.21584,0.15616,0.47201,0.28112,0.19128
0.24238,0.28819,0.46348,0.28054,0.19337
0.27312,0.40756,0.43772,0.27971,0.19536
0.30804,0.4854,0.39126,0.27835,0.19731
0.35138,0.50942,0.31653,0.27657,0.19916
0.40327,0.48868,0.22459,0.27466,0.20077
0.45406,0.45123,0.15587,0.27283,0.20215
0.4925,0.42992,0.15806,0.27107,0.20354
0.51609,0.44215,0.24676,0.26925,0.2051
0.53079,0.48018,0.38616,0.26719,0.20652
0.54332,0.5201,0.51372,0.2648,0.20733
0.55615,0.5393,0.58743,0.26226,0.20734
0.5709,0.52784,0.60621,0.25991,0.20671
0.5921,0.48882,0.58817,0.25794,0.20558
0.62189,0.43211,0.54201,0.25616,0.20406
0.65486,0.36926,0.46428,0.25422,0.20229
0.68189,0.31383,0.35798,0.25195,0.2004
0.69454,0.282,0.24698,0.24957,0.19834
0.68726,0.28564,0.16581,0.24743,0.19604
0.6625,0.32084,0.13153,0.24569,0.1935
0.63248,0.3653,0.13315,0.24428,0.1909
0.6126,0.39261,0.15334,0.24316,0.18853
0.61438,0.39153,0.18874,0.24229,0.18665
0.64103,0.37134,0.24092,0.24156,0.18523
0.68408,0.3509,0.30066,0.24093,0.18406
0.72724,0.346,0.35238,0.24045,0.18288
0.75686,0.36492,0.38732,0.24032,0.18148
0.76696,0.40821,0.40307,0.24073,0.1798
0.75542,0.46685,0.39387,0.24183,0.17796
0.71972,0.52067,0.35093,0.24361,0.17613
0.65863,0.54561,0.27399,0.24591,0.17439
0.57687,0.52956,0.17893,0.2484,0.17282
0.48429,0.48242,0.093481,0.25083,0.17162
0.39072,0.42726,0.045623,0.25317,0.17096
0.30425,0.38137,0.050773,0.25555,0.17067
0.23204,0.34787,0.10337,0.2581,0.17042
0.17903,0.32439,0.17941,0.2608,0.17005
0.14615,0.31271,0.24904,0.26349,0.16976
0.13022,0.31471,0.28872,0.26596,0.16982
0.12638,0.32344,0.28816,0.26819,0.17027
0.13223,0.32751,0.25473,0.27021,0.17098
0.14812,0.32441,0.21116,0.27199,0.17191
0.17305,0.32257,0.18052,0.27346,0.17308
0.2035,0.32944,0.16929,0.27475,0.17447
0.23485,0.34261,0.16797,0.27596,0.17592
0.26167,0.3535,0.16981,0.27711,0.17716
0.27971,0.35721,0.18122,0.27823,0.17801
0.28877,0.35804,0.20788,0.27937,0.17854
0.29192,0.36535,0.24144,0.28051,0.17901
0.29268,0.38351,0.27179,0.28157,0.17979
0.29408,0.40662,0.30465,0.28256,0.18109
0.29906,0.42377,0.35433,0.28343,0.1828
0.30951,0.42752,0.42225,0.28412,0.18456
0.32336,0.41615,0.49047,0.28477,0.18612
0.33551,0.39224,0.53601,0.28562,0.18747
0.34523,0.36334,0.54704,0.28677,0.18865
0.35917,0.34089,0.52337,0.2881,0.18972
0.38436,0.33278,0.46727,0.28949,0.19075
0.42191,0.33616,0.38541,0.2909,0.19182
0.46766,0.33965,0.3013,0.29236,0.19295
0.51492,0.33301,0.25182,0.29386,0.19398
0.55626,0.31526,0.25978,0.29534,0.19466
0.58604,0.29555,0.31492,0.29675,0.19472
0.60283,0.28699,0.38983,0.29797,0.19417
0.60916,0.29793,0.46804,0.29885,0.19327
0.60736,0.32743,0.54387,0.2992,0.19234
0.59629,0.36771,0.59985,0.29914,0.19149
0.57481,0.40891,0.60604,0.29903,0.19066
0.5474,0.44128,0.55154,0.29912,0.18973
0.52173,0.45756,0.46278,0.2993,0.1886
0.50136,0.45704,0.37729,0.29939,0.18732
0.48508,0.44591,0.30722,0.29941,0.18604
0.47218,0.43127,0.24037,0.29955,0.18492
0.46493,0.41619,0.1706,0.29993,0.18404
0.46655,0.40116,0.11345,0.30041,0.18341
0.47764,0.38717,0.091902,0.30073,0.18302
0.49345,0.37456,0.11469,0.30081,0.18292
0.50586,0.36058,0.16834,0.30064,0.18307
0.50818,0.3421,0.22443,0.30018,0.18337
0.49611,0.32117,0.25378,0.29942,0.18363
0.46824,0.306,0.24147,0.29853,0.18378
0.42985,0.30484,0.19711,0.29781,0.1838
0.39361,0.31774,0.15192,0.29742,0.18368
0.37294,0.33502,0.13849,0.29722,0.18351
0.37497,0.34621,0.16517,0.29692,0.18347
0.3977,0.34964,0.20825,0.29641,0.18377
0.43173,0.35127,0.23085,0.29582,0.18452
0.46616,0.3554,0.21319,0.2953,0.1856
0.49505,0.3601,0.17029,0.29494,0.18676
0.51897,0.36195,0.14297,0.29468,0.18785
0.54175,0.36317,0.16639,0.2944,0.18891
0.56374,0.37186,0.24163,0.29394,0.19009
0.57559,0.39396,0.33649,0.29318,0.19149
0.56267,0.42426,0.41221,0.29212,0.19308
0.51966,0.44696,0.44843,0.29085,0.19473
0.45705,0.44847,0.44994,0.28952,0.19636
0.39152,0.42997,0.43782,0.28834,0.19786
0.33354,0.40481,0.43173,0.28744,0.19909
0.28466,0.38379,0.43226,0.28678,0.19999
0.24529,0.36661,0.41968,0.28612,0.20055
0.2241,0.34891,0.37376,0.28532,0.20081
0.2353,0.33345,0.29601,0.28445,0.20084
0.28256,0.33047,0.21237,0.28369,0.20071
0.34946,0.3467,0.15489,0.28323,0.20045
0.4116,0.37612,0.13986,0.28304,0.20007
0.45735,0.40389,0.16094,0.28289,0.1997
0.49254,0.41977,0.2,0.28264,0.19952
0.52619,0.42478,0.24267,0.28235,0.19956
0.55946,0.42459,0.28486,0.28209,0.19957
0.58969,0.42095,0.32853,0.28176,0.19927
0.61415,0.41169,0.37345,0.28124,0.19864
0.62512,0.39573,0.41254,0.28068,0.19802
0.61093,0.37571,0.43539,0.28041,0.19781
0.5679,0.35732,0.43672,0.28059,0.19801
0.50754,0.34633,0.42149,0.2811,0.1982
0.45072,0.34423,0.4009,0.28157,0.19802
0.41452,0.34702,0.38279,0.2817,0.19753
0.40179,0.3496,0.36725,0.28142,0.1971
0.40457,0.35126,0.35336,0.28091,0.19687
0.41795,0.35663,0.34747,0.28033,0.19663
0.44363,0.37126,0.3595,0.27983,0.19613
0.47829,0.39516,0.3905,0.27946,0.19527
0.50841,0.42014,0.4295,0.27926,0.19419
0.52184,0.4346,0.46549,0.27923,0.19314
0.51841,0.43216,0.49625,0.27926,0.19238
0.50525,0.41519,0.52079,0.27916,0.19201
0.48666,0.39034,0.52965,0.27887,0.19178
0.46251,0.36362,0.51088,0.27856,0.19122
0.43256,0.34167,0.46337,0.27835,0.18993
0.39674,0.33399,0.39915,0.27833,0.18801
0.35298,0.34749,0.33483,0.27851,0.18588
0.29966,0.37718,0.28737,0.27882,0.18395
0.24177,0.406,0.27446,0.27886,0.18246
0.19396,0.41665,0.30467,0.27817,0.18139
0.17447,0.40393,0.36125,0.27671,0.18068
0.19023,0.37708,0.40596,0.27502,0.18034
0.22838,0.35205,0.40844,0.27371,0.18027
0.26853,0.3403,0.36872,0.27292,0.18028
0.30177,0.34201,0.31027,0.27246,0.18026
0.33159,0.34905,0.2592,0.2721,0.18024
0.35923,0.35431,0.23028,0.27184,0.18029
0.37906,0.35617,0.22028,0.27186,0.18034
0.39102,0.35497,0.20985,0.27222,0.18028
0.40817,0.35065,0.17925,0.2728,0.18004
0.44324,0.34617,0.12743,0.2735,0.17967
0.49132,0.3482,0.073935,0.27442,0.17928
0.53337,0.36026,0.042415,0.27566,0.17904
0.55511,0.37805,0.04444,0.2771,0.17914
0.55669,0.39376,0.076598,0.27847,0.17959
0.54563,0.40254,0.12829,0.27981,0.18027
0.52728,0.40358,0.19043,0.28178,0.18103
0.50459,0.39735,0.25651,0.28551,0.18173
0.48175,0.38298,0.31736,0.29166,0.18232
0.46221,0.35869,0.36075,0.29945,0.18269
0.44351,0.32667,0.37806,0.30686,0.18275
0.41814,0.29694,0.36784,0.31189,0.18239
0.38085,0.28185,0.33454,0.3136,0.18169
0.33588,0.2859,0.29007,0.31218,0.18089
0.29732,0.30386,0.253,0.30818,0.18025
0.27993,0.32745,0.23717,0.30193,0.17972
0.28889,0.35053,0.24018,0.29363,0.17907
0.31911,0.36944,0.24822,0.28406,0.17819
0.36108,0.38226,0.2511,0.27496,0.17711
0.40552,0.38778,0.24861,0.26845,0.17601
0.44762,0.38466,0.24503,0.26593,0.17523
0.48932,0.37419,0.24408,0.26738,0.17516
0.53381,0.36415,0.25022,0.27156,0.17612
0.57623,0.36528,0.26858,0.27694,0.17814
0.60317,0.3811,0.29881,0.28262,0.18093
0.60349,0.40218,0.33216,0.28871,0.184
0.57797,0.41198,0.35871,0.29609,0.18681
0.53736,0.39989,0.377,0.30516,0.18898
0.49366,0.37077,0.39439,0.31429,0.19029
0.45562,0.34195,0.41776,0.3191,0.19047
0.42942,0.32929,0.44402,0.31363,0.1893
0.41848,0.33532,0.45941,0.29444,0.18678
0.42109,0.35009,0.44991,0.26574,0.18352
0.43223,0.36178,0.41468,0.24111,0.18044
0.44968,0.36598,0.37212,0.23691,0.17815
0.47502,0.36623,0.35229,0.25985,0.17637
0.50646,0.36748,0.37561,0.29911,0.17435
0.5347,0.36983,0.43027,0.33272,0.17165
0.5494,0.36977,0.47362,0.34367,0.16839
0.5478,0.36709,0.46604,0.33038,0.16468
0.53552,0.36786,0.40652,0.3021,0.16036
0.5213,0.37935,0.33104,0.26768,0.15543
0.51218,0.4029,0.27729,0.23195,0.15064
0.51186,0.43167,0.25621,0.20144,0.1473
0.52023,0.45396,0.25572,0.18766,0.14645
0.53276,0.46017,0.26203,0.20013,0.14817
0.54227,0.44894,0.27144,0.23606,0.15179
0.54391,0.42798,0.28536,0.28018,0.1567
0.53742,0.40862,0.30048,0.3157,0.16293
0.5237,0.39897,0.30778,0.33492,0.17102
0.5026,0.40051,0.30092,0.33962,0.18107
0.47586,0.40853,0.28237,0.33414,0.19232
0.44798,0.41471,0.25942,0.32029,0.20317
0.42222,0.41058,0.23697,0.29851,0.21167
0.39872,0.39095,0.21709,0.27289,0.21597
0.37624,0.35702,0.20217,0.25295,0.21497
0.35255,0.31814,0.19438,0.24799,0.20924
0.32547,0.28886,0.19419,0.25847,0.20137
0.29542,0.28085,0.20164,0.27436,0.19491
0.26514,0.29555,0.21629,0.28442,0.1926
0.23905,0.32457,0.23561,0.28668,0.19506
0.22408,0.35633,0.25614,0.28806,0.2007
0.22605,0.38261,0.27559,0.29507,0.20681
0.24324,0.40073,0.29141,0.30741,0.2111
0.26781,0.4121,0.30095,0.32012,0.21238
0.29399,0.41979,0.30629,0.32817,0.21045
0.32111,0.4264,0.31379,0.32791,0.20569
0.34866,0.43279,0.32436,0.31717,0.19871
0.37266,0.43698,0.32963,0.29719,0.19041
0.38921,0.43413,0.32316,0.27401,0.18196
0.40074,0.42035,0.31163,0.25535,0.17455
0.41636,0.39792,0.3096,0.24553,0.16887
0.44448,0.37467,0.32464,0.24439,0.16472
0.48508,0.35674,0.3504,0.25024,0.16124
0.53022,0.34469,0.37348,0.26173,0.158
0.57145,0.33745,0.385,0.27666,0.15606
0.60455,0.33705,0.38545,0.29076,0.15776
0.6283,0.34637,0.37858,0.29913,0.16492
0.6423,0.36383,0.36285,0.29962,0.17697
0.64547,0.38312,0.33286,0.29435,0.19121
0.63513,0.39928,0.28977,0.28774,0.20476
0.60965,0.41282,0.2463,0.2831,0.21593
0.57235,0.42615,0.21819,0.28113,0.22362
0.53071,0.43719,0.21239,0.28101,0.22651
0.49199,0.43971,0.2269,0.28217,0.22388
0.45877,0.43117,0.26016,0.28543,0.21694
0.42662,0.41769,0.31379,0.29227,0.2083
0.38779,0.40849,0.38401,0.30203,0.20007
0.34,0.40574,0.45629,0.31018,0.19265
0.29038,0.40306,0.51195,0.31116,0.1859
0.24999,0.39488,0.53773,0.30349,0.18066
0.22614,0.38381,0.52908,0.29103,0.17877
0.2199,0.37633,0.48979,0.27908,0.18151
0.22878,0.37326,0.43138,0.27014,0.18822
0.24992,0.36774,0.36993,0.26395,0.19654
0.28097,0.35288,0.31938,0.26016,0.20394
0.31971,0.32963,0.28627,0.25968,0.20908
0.36398,0.30714,0.27048,0.26307,0.21225
0.41067,0.29627,0.2686,0.26833,0.21471
0.45449,0.30222,0.27555,0.27128,0.21726
0.48927,0.3217,0.28561,0.2687,0.21921
0.51167,0.3461,0.29381,0.26165,0.21893
0.52402,0.36678,0.29643,0.25508,0.21602
0.53378,0.37832,0.29083,0.25339,0.21229
0.54931,0.37891,0.27683,0.25637,0.21035
0.5747,0.36999,0.25909,0.25964,0.21106
0.60744,0.35648,0.2461,0.25948,0.21275
0.64077,0.34656,0.24445,0.25718,0.21289
0.66781,0.34868,0.25359,0.25794,0.21023
0.68354,0.36576,0.2666,0.2651,0.20544
0.68421,0.39142,0.2767,0.27587,0.20023
0.66801,0.41319,0.28381,0.28373,0.19575
0.63645,0.42077,0.29366,0.28516,0.19141
0.59221,0.41144,0.30864,0.28323,0.18537
0.53689,0.38808,0.3219,0.28375,0.17632
0.47422,0.35516,0.32524,0.28842,0.16498
0.41287,0.31856,0.32149,0.29315,0.15362
0.36223,0.28715,0.32346,0.29342,0.1446
0.32635,0.27064,0.3386,0.28957,0.13927
0.30342,0.27454,0.35862,0.28529,0.13828
0.29016,0.2973,0.36769,0.28239,0.1418
0.2854,0.33162,0.35869,0.27924,0.1491
0.28812,0.36765,0.33689,0.27397,0.15795
0.29317,0.39667,0.30937,0.26715,0.1651
0.29296,0.4144,0.27783,0.26131,0.16812
0.28329,0.42179,0.24294,0.25883,0.16718
0.2648,0.4225,0.20984,0.26028,0.16491
0.24137,0.42033,0.18649,0.26449,0.16408
0.22107,0.41852,0.17949,0.2699,0.1654
0.21562,0.41901,0.193,0.27593,0.16771
0.23372,0.42055,0.22695,0.2822,0.16964
0.27534,0.4186,0.27262,0.28649,0.17071
0.33413,0.409,0.31284,0.28524,0.17101
0.40303,0.39177,0.33161,0.27785,0.17097
0.47519,0.37105,0.3253,0.26929,0.17149
0.54209,0.35165,0.30399,0.26655,0.17379
0.595,0.33642,0.2826,0.2725,0.17863
0.62954,0.32742,0.27212,0.28357,0.18588
0.64603,0.32782,0.27795,0.29306,0.19475
0.64482,0.33992,0.30152,0.29663,0.20417
0.6248,0.36137,0.33836,0.29565,0.21278
0.58813,0.38575,0.3758,0.29561,0.21903
0.5429,0.40684,0.3982,0.3007,0.222
0.4992,0.42092,0.39701,0.30938,0.22199
0.46281,0.4264,0.37353,0.31539,0.22003
0.43333,0.42418,0.3322,0.31346,0.21677
0.40832,0.41821,0.2757,0.30371,0.21259
0.38742,0.41387,0.20902,0.29077,0.20854
0.37135,0.414,0.14612,0.27983,0.20662
0.3595,0.41646,0.10873,0.27393,0.20842
0.35036,0.41635,0.11415,0.27346,0.21344
0.34288,0.41143,0.16092,0.27634,0.21921
0.3368,0.40449,0.22689,0.27908,0.22304
0.33249,0.39946,0.28432,0.27919,0.22366
0.33146,0.3961,0.31776,0.27705,0.22124
0.33744,0.39036,0.32818,0.27545,0.21617
0.35491,0.3798,0.32426,0.27725,0.20863
0.38411,0.36724,0.3158,0.28261,0.19933
0.41849,0.3585,0.31297,0.28822,0.19021
0.44981,0.35639,0.32287,0.28991,0.18378
0.47434,0.35767,0.34372,0.28629,0.18137
0.49256,0.35632,0.36734,0.27989,0.18239
0.50494,0.34993,0.38812,0.27503,0.18517
0.51034,0.34225,0.40474,0.27484,0.18803
0.50778,0.33929,0.41404,0.27949,0.18963
0.49879,0.34304,0.41158,0.2862,0.18888
0.48807,0.34962,0.39965,0.29091,0.18535
0.48081,0.35401,0.3878,0.29093,0.18002
0.47852,0.35577,0.38273,0.28638,0.17522
0.47765,0.35817,0.38197,0.27942,0.1734
0.47274,0.36264,0.37943,0.2727,0.17535
0.46081,0.36689,0.3735,0.26921,0.17963
0.44272,0.36977,0.36804,0.27209,0.18345
0.42068,0.37482,0.36693,0.28241,0.18427
0.39594,0.38604,0.36887,0.2968,0.1809
0.36919,0.40057,0.36746,0.30858,0.17408
0.34189,0.40859,0.35714,0.31221,0.16614
0.31764,0.40138,0.33848,0.30665,0.15975
0.30253,0.37844,0.31669,0.29494,0.15637
0.30164,0.34722,0.29604,0.28152,0.15566
0.31449,0.31762,0.27696,0.26976,0.15636
0.33501,0.297,0.25695,0.26144,0.15749
0.35648,0.28836,0.23313,0.25753,0.159
0.37589,0.29126,0.20565,0.25898,0.16145
0.39439,0.30404,0.17896,0.26608,0.16511
0.41423,0.32476,0.15868,0.27741,0.16936
0.43581,0.34934,0.14836,0.28954,0.17341
0.45735,0.37073,0.14918,0.2984,0.17753
0.4768,0.3831,0.15933,0.3015,0.18285
0.49329,0.38722,0.17307,0.2993,0.1894
0.5072,0.38952,0.18501,0.29458,0.19494
0.51982,0.39548,0.19755,0.29039,0.19628
0.53257,0.40427,0.2198,0.28805,0.19206
0.54523,0.40987,0.25639,0.28671,0.18401
0.55505,0.40742,0.30079,0.28499,0.17561
0.55904,0.39828,0.342,0.28326,0.16996
0.55657,0.38861,0.3752,0.28345,0.16873
0.54843,0.3835,0.4042,0.28663,0.17212
0.53485,0.38378,0.43507,0.29125,0.17905
0.51632,0.38778,0.46825,0.29447,0.18751
0.49549,0.39369,0.49649,0.29482,0.19525
0.47724,0.39961,0.51145,0.29334,0.20063
0.46621,0.40292,0.51195,0.29228,0.20324
0.46348,0.4009,0.50312,0.29295,0.20372
0.46625,0.39218,0.48803,0.29464,0.20284
0.47128,0.37788,0.46417,0.29549,0.20091
0.47694,0.36156,0.42884,0.29443,0.19819
0.48136,0.34796,0.38405,0.2924,0.19545
0.48124,0.34137,0.33448,0.29122,0.19361
0.47414,0.34463,0.28462,0.29167,0.19261
0.46171,0.35774,0.24129,0.29272,0.19122
0.44931,0.3762,0.21625,0.29265,0.18838
0.44137,0.39239,0.22064,0.29075,0.18454
0.4373,0.40097,0.25491,0.2878,0.18127
0.43368,0.40277,0.30593,0.28488,0.17976
0.42902,0.40235,0.35523,0.28183,0.17997
0.42477,0.40254,0.38993,0.27758,0.18094
0.42268,0.40235,0.40718,0.27207,0.18147
0.42267,0.3994,0.41137,0.26748,0.18074
0.42261,0.39313,0.40797,0.2668,0.1787
0.42076,0.3851,0.3979,0.27122,0.17583
0.41824,0.37695,0.37614,0.27879,0.17247
0.41822,0.36904,0.33737,0.28563,0.16836
0.42285,0.36179,0.28503,0.28852,0.1634
0.43285,0.35684,0.2347,0.28689,0.15856
0.44841,0.35557,0.20602,0.28297,0.15558
0.4677,0.35683,0.20853,0.27991,0.15569
0.48458,0.35764,0.23458,0.27908,0.15879
0.49077,0.35659,0.26613,0.27903,0.16388
0.48209,0.35581,0.28806,0.27739,0.16966
0.46178,0.35874,0.29566,0.27348,0.17499
0.43715,0.36663,0.29281,0.26894,0.17935
0.41484,0.37791,0.28571,0.26605,0.1831
0.39935,0.38965,0.27805,0.266,0.18687
0.39366,0.39867,0.27104,0.26838,0.19073
0.39927,0.40166,0.26744,0.27221,0.19368
0.41543,0.39595,0.27328,0.27738,0.19433
0.43847,0.38127,0.29197,0.28506,0.19204
0.463,0.3615,0.31706,0.29605,0.18759
0.48409,0.34362,0.3344,0.3084,0.18261
0.49815,0.33343,0.33347,0.317,0.17849
0.50267,0.33219,0.31564,0.31679,0.17578
0.49725,0.33752,0.292,0.3072,0.17461
0.48487,0.34633,0.27459,0.29309,0.1752
0.47024,0.35573,0.2693,0.28063,0.17777
0.45569,0.3622,0.27449,0.27274,0.18252
0.43958,0.36243,0.28408,0.26852,0.18976
0.41879,0.35645,0.29119,0.26672,0.19938
0.39163,0.3487,0.28962,0.26786,0.20987
0.3588,0.34443,0.27539,0.27268,0.21829
0.32342,0.34539,0.24943,0.27947,0.2222
0.29035,0.34997,0.21965,0.28442,0.22184
0.26501,0.35648,0.19829,0.28512,0.21992
0.25189,0.36489,0.19389,0.28336,0.21883
0.25307,0.37533,0.20354,0.2834,0.21828
0.26766,0.38673,0.21479,0.28746,0.21591
0.29296,0.39685,0.21707,0.29378,0.20997
0.32585,0.40277,0.20925,0.29915,0.20121
0.3625,0.40253,0.19513,0.30209,0.19236
0.39745,0.39783,0.1763,0.30295,0.18609
0.42486,0.39349,0.15469,0.30225,0.18335
0.44232,0.39243,0.13923,0.29958,0.18309
0.45219,0.39279,0.14319,0.29405,0.18325
0.45746,0.39137,0.17341,0.28566,0.18233
0.45816,0.38732,0.22508,0.27663,0.18032
0.45378,0.3805,0.28767,0.27102,0.17843
0.44731,0.36954,0.35245,0.27213,0.17765
0.44483,0.35476,0.4141,0.27935,0.17784
0.45185,0.3414,0.46844,0.28815,0.17801
0.47038,0.33726,0.51062,0.29339,0.17722
0.49821,0.34658,0.53467,0.29325,0.17498
0.53032,0.36615,0.53482,0.29037,0.17142
0.56103,0.38739,0.50845,0.28937,0.16717
0.58516,0.40253,0.45911,0.29237,0.16322
0.59861,0.40952,0.39715,0.29664,0.16049
0.59901,0.41142,0.33761,0.29743,0.15946
0.58619,0.41276,0.29588,0.29293,0.16052
0.56183,0.41641,0.28209,0.28594,0.16429
0.529,0.42209,0.29632,0.2807,0.17115
0.49278,0.42608,0.3289,0.27914,0.18028
0.46037,0.42353,0.36639,0.27996,0.18968
0.43798,0.41231,0.39779,0.28009,0.19735
0.42702,0.39486,0.41726,0.27675,0.20245
0.42384,0.37662,0.42471,0.26931,0.2056
0.42317,0.36296,0.42527,0.25971,0.20785
0.42247,0.35599,0.4262,0.25108,0.20944
0.42308,0.35326,0.43215,0.24598,0.20948
0.42653,0.35106,0.44255,0.24604,0.20658
0.43066,0.34958,0.45227,0.25188,0.19994
0.43122,0.35338,0.45419,0.26239,0.19024
0.4255,0.36566,0.44177,0.27421,0.18005
0.41311,0.38351,0.41121,0.28329,0.17322
0.39535,0.39923,0.36328,0.2873,0.17294
0.37531,0.40561,0.30433,0.28697,0.17967
0.35674,0.40068,0.24422,0.28546,0.19082
0.34191,0.38897,0.19137,0.28615,0.2027
0.33114,0.37793,0.14936,0.29022,0.21257
0.32495,0.37199,0.11915,0.29559,0.21944
0.32581,0.36987,0.10335,0.29865,0.22322
0.3364,0.36724,0.10603,0.29752,0.22399
0.35621,0.36092,0.12797,0.29369,0.22197
0.38154,0.35121,0.164,0.29047,0.21786
0.40854,0.3422,0.20584,0.2895,0.21267
0.43476,0.33955,0.24706,0.28891,0.20732
0.45801,0.34586,0.28481,0.28519,0.20264
0.47567,0.35777,0.31827,0.27732,0.19955
0.48623,0.36945,0.34635,0.26848,0.19883
0.49136,0.37857,0.36712,0.2634,0.20038
0.49515,0.38657,0.37893,0.26391,0.20293
0.50094,0.39343,0.38237,0.26737,0.20459
0.50963,0.3951,0.38042,0.26974,0.20406
0.52088,0.38789,0.3761,0.26998,0.20159
0.5343,0.37428,0.3705,0.27105,0.19859
0.54789,0.36251,0.36378,0.27629,0.19627
0.55599,0.35944,0.3568,0.28523,0.19468
0.55127,0.36503,0.35059,0.29342,0.19306
0.53028,0.37392,0.34459,0.29656,0.19114
0.49664,0.38055,0.3368,0.2938,0.18993
0.45829,0.38223,0.32577,0.28728,0.1909
0.42219,0.3799,0.31202,0.27936,0.19457
0.39105,0.37663,0.29808,0.27132,0.19983
0.36338,0.37437,0.28758,0.26433,0.20477
0.33672,0.37184,0.28345,0.26042,0.20803
0.31233,0.36634,0.28533,0.26134,0.20953
0.29631,0.35825,0.28847,0.26649,0.20976
0.29448,0.35313,0.28611,0.27233,0.20892
0.30597,0.35697,0.2741,0.27489,0.20674
0.32296,0.36845,0.25469,0.27289,0.20293
0.33726,0.37836,0.23673,0.26871,0.1974
0.34704,0.37877,0.231,0.26598,0.19033
0.3564,0.37127,0.24296,0.26632,0.18252
0.36872,0.3642,0.26897,0.2682,0.17571
0.38189,0.36337,0.30009,0.26901,0.17172
0.391,0.36766,0.32946,0.26805,0.17101
0.39418,0.37209,0.35556,0.26716,0.17198
0.39399,0.37202,0.37889,0.26833,0.17228
0.39399,0.36504,0.39692,0.27121,0.17058
0.39606,0.35228,0.40307,0.27351,0.16734
0.40035,0.33922,0.3913,0.27344,0.16429
0.40625,0.33414,0.36196,0.27135,0.16322
0.41344,0.34252,0.32335,0.26924,0.16488
0.42226,0.36141,0.28741,0.269,0.16839
0.43331,0.38065,0.26327,0.27129,0.17183
0.44698,0.39164,0.25348,0.27533,0.1734
0.4626,0.39352,0.25483,0.27946,0.1725
0.47736,0.39024,0.26218,0.28222,0.16984
0.48804,0.38547,0.27165,0.28319,0.16663
0.49493,0.38284,0.28086,0.28276,0.16371
0.50224,0.38644,0.28686,0.28129,0.16147
0.51389,0.3954,0.28513,0.27894,0.16024
0.53047,0.40044,0.27142,0.27601,0.1606
0.55016,0.39207,0.24498,0.27319,0.16306
0.57071,0.37264,0.21048,0.27122,0.16755
0.58991,0.35597,0.17685,0.27053,0.17319
0.60542,0.35454,0.15333,0.27109,0.17858
0.61519,0.36932,0.14509,0.27281,0.18227
0.61845,0.39239,0.1515,0.2758,0.18324
0.61643,0.4171,0.16753,0.28005,0.18109
0.6113,0.44247,0.18667,0.28463,0.17619
0.60419,0.46756,0.20385,0.28772,0.16961
0.59522,0.48612,0.21801,0.28789,0.1627
0.58436,0.49209,0.23274,0.28541,0.15627
0.57054,0.48976,0.25357,0.28213,0.15043
0.55143,0.49281,0.28294,0.28019,0.145
0.52554,0.51062,0.31712,0.28079,0.14029
0.49319,0.53753,0.34821,0.28401,0.13718
0.45572,0.55573,0.36979,0.28907,0.13693
0.41588,0.54591,0.38132,0.29478,0.14057
0.37831,0.49782,0.38804,0.30021,0.14804
0.34708,0.41781,0.39682,0.30505,0.15774
0.32262,0.3292,0.41148,0.30931,0.16714
0.30233,0.25959,0.43118,0.31248,0.17434
0.28366,0.22214,0.45295,0.31327,0.17905
0.2664,0.21073,0.4745,0.31079,0.18203
0.25256,0.21514,0.49386,0.30616,0.18377
0.24424,0.23474,0.50837,0.30234,0.18398
0.24231,0.27052,0.51616,0.30188,0.18257
0.24703,0.30836,0.51735,0.30476,0.1807
0.25855,0.32181,0.51127,0.30849,0.18065
0.27631,0.29674,0.49327,0.31021,0.1843
0.29872,0.25128,0.45649,0.30895,0.19185
0.32327,0.22615,0.398,0.30575,0.20198
0.34672,0.24999,0.32372,0.30174,0.21287
0.3652,0.31266,0.2476,0.29671,0.22266
0.37522,0.37673,0.18505,0.28986,0.22936
0.37501,0.4161,0.14535,0.28152,0.23116
0.36574,0.43684,0.12806,0.27358,0.22746
0.35217,0.45925,0.12518,0.268,0.21973
0.34174,0.48994,0.12687,0.26523,0.21087
0.34035,0.51792,0.12724,0.26418,0.20352
0.34864,0.53099,0.12688,0.26384,0.19864
0.36371,0.52837,0.13059,0.26479,0.19568
0.38367,0.52031,0.14219,0.26913,0.19376
0.40913,0.51811,0.16111,0.27833,0.19292
0.44063,0.51945,0.18281,0.29112,0.19403
0.47591,0.50201,0.20258,0.30392,0.19755
0.51053,0.43965,0.21957,0.31379,0.20259
0.54146,0.33392,0.23779,0.32062,0.207
0.56876,0.22791,0.2626,0.3264,0.20835
0.59356,0.17904,0.29608,0.33295,0.20525
0.61587,0.21104,0.3355,0.34043,0.19823
0.63487,0.29342,0.37531,0.34774,0.18951
0.64994,0.36741,0.40959,0.3534,0.18153
0.66024,0.38865,0.43382,0.35592,0.1755
0.66372,0.34893,0.44641,0.35363,0.17132
0.65757,0.26984,0.44973,0.34502,0.16865
0.64039,0.18347,0.44978,0.32977,0.16776
0.61383,0.11607,0.45417,0.30946,0.16928
0.58253,0.083082,0.46873,0.28678,0.17348
0.5515,0.092637,0.49396,0.26405,0.17962
0.52313,0.14598,0.52379,0.2427,0.18621
0.49716,0.23119,0.54803,0.22381,0.19158
0.47321,0.32031,0.55753,0.20844,0.19458
0.45131,0.37759,0.54817,0.19778,0.19496
0.43032,0.37528,0.52133,0.19319,0.19336
0.40777,0.30996,0.4825,0.19552,0.19104
0.38174,0.20863,0.44013,0.20393,0.18943
0.35265,0.11317,0.40364,0.21602,0.18967
0.32302,0.054717,0.37883,0.22908,0.19203
0.29524,0.047567,0.36408,0.24104,0.19571
0.26988,0.10372,0.35244,0.25027,0.19925
0.24677,0.23467,0.33795,0.25572,0.20132
0.22789,0.42931,0.31935,0.25788,0.20138
0.21856,0.64046,0.29883,0.25895,0.19968
0.22464,0.80522,0.27974,0.26123,0.19683
0.24838,0.88269,0.26548,0.26543,0.19362
0.28704,0.87582,0.25775,0.27074,0.19097
0.33509,0.81929,0.25448,0.276,0.18967
0.38718,0.74478,0.2511,0.28046,0.19017
0.43957,0.65822,0.24482,0.28368,0.19246
0.48917,0.55167,0.23709,0.28562,0.19582
0.53208,0.42885,0.23139,0.28686,0.1989
0.56454,0.30954,0.22988,0.28835,0.20042
0.58541,0.21204,0.23285,0.29072,0.20003
0.59636,0.14098,0.23945,0.29399,0.19844
0.59946,0.095299,0.247,0.29786,0.19663
0.59613,0.082175,0.25012,0.30223,0.19527
0.58829,0.11431,0.24306,0.30724,0.19481
0.57879,0.19128,0.225,0.31273,0.19554
0.56991,0.28979,0.20212,0.31762,0.19745
0.56174,0.37915,0.18287,0.32029,0.2
0.5529,0.44614,0.17111,0.31987,0.2024
0.54252,0.49852,0.16445,0.31683,0.2043
0.53119,0.54337,0.15868,0.31224,0.20586
0.51979,0.5703,0.15288,0.30676,0.20703
0.50787,0.56399,0.15072,0.30072,0.20731
0.49371,0.52699,0.15748,0.29497,0.20633
0.47528,0.47912,0.17543,0.29082,0.20437
0.451,0.43884,0.2008,0.28917,0.20199
0.4203,0.41924,0.22434,0.28966,0.19962
0.3843,0.43653,0.23625,0.29086,0.19769
0.34617,0.49879,0.23272,0.29112,0.1967
0.31031,0.58043,0.21881,0.28957,0.19677
0.28039,0.62632,0.20438,0.28693,0.19716
0.25787,0.59656,0.19731,0.28512,0.19649
0.24296,0.50658,0.20049,0.28544,0.19375
0.23703,0.4171,0.21339,0.28713,0.18914
0.2428,0.38114,0.23381,0.28802,0.18371
0.26134,0.39963,0.25785,0.28661,0.1781
0.28931,0.42766,0.27997,0.28335,0.17207
0.31991,0.42106,0.2954,0.28011,0.16529
0.34719,0.37382,0.30344,0.27891,0.15832
0.36971,0.31162,0.30905,0.28074,0.15264
0.38979,0.25871,0.32053,0.28511,0.14962
0.40912,0.22089,0.34387,0.29037,0.14956
0.42617,0.19851,0.37745,0.29477,0.15189
0.4379,0.20273,0.4121,0.29743,0.15604
0.44264,0.24742,0.43758,0.29846,0.16164
0.44145,0.32441,0.44941,0.29826,0.16808
0.43808,0.39447,0.4502,0.29676,0.17416
0.43716,0.41304,0.44587,0.29363,0.17875
0.44153,0.37064,0.44161,0.28906,0.18161
0.45165,0.30618,0.44046,0.28412,0.18341
0.46735,0.27451,0.44315,0.28005,0.18497
0.48849,0.2988,0.44824,0.27729,0.18646
0.51378,0.35494,0.45281,0.27536,0.18758
0.54018,0.39951,0.45375,0.27376,0.18817
0.56414,0.40872,0.4487,0.27286,0.18845
0.58344,0.39287,0.43608,0.27348,0.18853
0.59714,0.3806,0.41506,0.27591,0.18811
0.6034,0.39156,0.38595,0.27926,0.18697
0.59918,0.42097,0.35031,0.28208,0.18563
0.58305,0.44723,0.31059,0.28335,0.18497
0.55706,0.45172,0.26993,0.28304,0.18516
0.52561,0.42934,0.23234,0.28181,0.18536
0.49347,0.38436,0.20226,0.28026,0.18451
0.46423,0.32338,0.1827,0.27869,0.18238
0.44043,0.25572,0.17354,0.27766,0.17959
0.42462,0.19794,0.1717,0.27819,0.17686
0.41868,0.17235,0.17363,0.28097,0.1744
0.42198,0.19363,0.17757,0.28501,0.17206
0.43091,0.2515,0.18364,0.28774,0.16989
0.44074,0.30771,0.19218,0.28697,0.1685
0.44802,0.31876,0.2031,0.28241,0.16864
0.45135,0.26926,0.21695,0.27528,0.17034
0.45013,0.18596,0.2359,0.26695,0.17255
0.44338,0.1203,0.26284,0.25831,0.17388
0.42958,0.11667,0.2987,0.25021,0.17384
0.40748,0.1876,0.3407,0.24381,0.1729
0.37752,0.30634,0.38328,0.24052,0.17149
0.34233,0.42269,0.42106,0.24133,0.16952
0.30542,0.49715,0.45142,0.24598,0.16726
0.27011,0.52587,0.47488,0.25278,0.16593
0.23952,0.53313,0.49293,0.2595,0.16682
0.21642,0.54255,0.50554,0.26443,0.17023
0.20275,0.55745,0.511,0.26715,0.17545
0.19974,0.56393,0.50832,0.2684,0.1815
0.20823,0.54613,0.49916,0.26923,0.18751
0.22839,0.49949,0.48684,0.26989,0.19273
0.2594,0.43579,0.47415,0.26972,0.19667
0.29899,0.37704,0.4626,0.26793,0.19926
0.34376,0.34122,0.45319,0.26459,0.20104
0.39037,0.3315,0.44656,0.26105,0.20276
0.43648,0.33864,0.44165,0.25937,0.2048
0.48045,0.35153,0.43474,0.26108,0.20696
0.52064,0.3633,0.4207,0.26613,0.20888
0.55483,0.36902,0.39599,0.27296,0.21054
0.58068,0.36201,0.36097,0.27959,0.21242
0.59705,0.33759,0.31996,0.28459,0.2152
0.6047,0.30203,0.27885,0.28743,0.2189
0.60485,0.27412,0.24257,0.28851,0.22241
0.5976,0.27413,0.21414,0.2888,0.22395
0.58305,0.30925,0.19517,0.289,0.22214
0.56345,0.36877,0.18614,0.28924,0.21699
0.54265,0.43226,0.18613,0.28948,0.20998
0.52279,0.48254,0.19258,0.28992,0.20338
0.50289,0.51353,0.2017,0.29077,0.19909
0.48159,0.53066,0.20942,0.29187,0.19785
0.46024,0.5466,0.21305,0.29303,0.19913
0.44252,0.57134,0.21244,0.29422,0.20175
0.43164,0.59759,0.20938,0.29538,0.20436
0.42824,0.59741,0.20533,0.296,0.2057
0.43023,0.54424,0.1998,0.29535,0.20473
0.43471,0.44418,0.19146,0.29329,0.2012
0.43973,0.34103,0.18057,0.29082,0.1956
0.44423,0.28527,0.16987,0.28974,0.18873
0.44754,0.29686,0.16298,0.29121,0.18128
0.44955,0.35654,0.16226,0.29477,0.17398
0.45034,0.42884,0.16789,0.2988,0.16786
0.44942,0.48946,0.1782,0.30172,0.164
0.44629,0.53209,0.19081,0.30245,0.16291
0.44161,0.5569,0.20401,0.30057,0.16418
0.43677,0.55999,0.21752,0.29658,0.16688
0.43229,0.53445,0.23161,0.29164,0.17005
0.42772,0.47901,0.2458,0.28692,0.17302
0.42292,0.40435,0.25917,0.283,0.17549
0.41886,0.33068,0.27168,0.28019,0.17716
0.41637,0.27821,0.28415,0.2791,0.17747
0.41443,0.25798,0.29697,0.28065,0.17585
0.41065,0.26728,0.30994,0.28503,0.17253
0.40388,0.28873,0.32332,0.29104,0.16882
0.39556,0.29407,0.33781,0.29671,0.16611
0.38823,0.2581,0.35294,0.30037,0.16497
0.38336,0.1797,0.36648,0.30109,0.16507
0.38165,0.092105,0.376,0.29857,0.16595
0.38447,0.045843,0.38045,0.29303,0.16756
0.39354,0.072024,0.38016,0.28511,0.17024
0.40927,0.15767,0.37614,0.27588,0.17441
0.42976,0.25775,0.36981,0.26702,0.18029
0.45167,0.33308,0.3629,0.26103,0.18753
0.47224,0.37698,0.35694,0.26035,0.19494
0.49029,0.4071,0.35287,0.26577,0.20091
0.50498,0.43695,0.35114,0.27562,0.20438
0.5149,0.45975,0.3522,0.2864,0.20544
0.51931,0.45911,0.35675,0.29461,0.20483
0.51884,0.43004,0.36516,0.29834,0.20325
0.51377,0.38532,0.37663,0.29786,0.20148
0.50306,0.34294,0.38884,0.29467,0.20067
0.48605,0.31196,0.39821,0.29027,0.20164
0.46417,0.29172,0.40035,0.2855,0.20394
0.43999,0.28066,0.39101,0.28056,0.20598
0.41458,0.28228,0.36803,0.27525,0.20634
0.38728,0.30267,0.33285,0.26927,0.20465
0.35831,0.34371,0.2901,0.26313,0.20137
0.33023,0.39838,0.24561,0.25856,0.19702
0.30631,0.45231,0.20463,0.25756,0.19177
0.28822,0.49053,0.17122,0.2606,0.1857
0.27593,0.50454,0.14839,0.26565,0.17917
0.26932,0.49565,0.1383,0.26925,0.17301
0.2696,0.47368,0.14216,0.26875,0.1682
0.27854,0.45124,0.1601,0.26398,0.1654
0.29615,0.43482,0.19095,0.25748,0.16462
0.31975,0.42005,0.23192,0.25314,0.16536
0.34573,0.39808,0.2785,0.25379,0.16682
0.37203,0.36715,0.32561,0.25953,0.16815
0.3982,0.33471,0.36984,0.26806,0.16876
0.42364,0.30855,0.41037,0.27662,0.16869
0.44707,0.29005,0.44717,0.28322,0.16832
0.46744,0.2769,0.47857,0.28657,0.16768
0.48402,0.26832,0.50111,0.28545,0.16629
0.49636,0.26486,0.51186,0.27941,0.16373
0.50518,0.26561,0.51049,0.2706,0.16017
0.51291,0.27012,0.49959,0.26382,0.15625
0.52255,0.28305,0.48328,0.26358,0.15268
0.53573,0.31217,0.46531,0.27069,0.15011
0.55177,0.35741,0.44708,0.28199,0.14905
0.56843,0.40483,0.42691,0.29309,0.14985
0.58377,0.4377,0.40184,0.30111,0.15263
0.59678,0.45441,0.37092,0.30535,0.15727
0.60685,0.46962,0.33664,0.30635,0.16349
0.61413,0.49507,0.30261,0.30505,0.17099
0.61983,0.52364,0.27026,0.30263,0.17944
0.62512,0.53595,0.2383,0.30047,0.18816
0.62984,0.51986,0.20539,0.2999,0.19592
0.63225,0.48027,0.1726,0.30147,0.20118
0.63016,0.43201,0.14312,0.30432,0.20305
0.62284,0.38741,0.11972,0.30653,0.20193
0.612,0.35103,0.10276,0.30631,0.1993
0.60035,0.32331,0.091017,0.30294,0.19676
0.5897,0.30599,0.084646,0.29693,0.19518
0.58034,0.30176,0.086516,0.29001,0.19461
0.57121,0.30892,0.10037,0.28452,0.19492
0.56059,0.31954,0.12791,0.28213,0.19643
0.54711,0.32623,0.16762,0.28285,0.19986
0.53032,0.3302,0.21553,0.28574,0.20559
0.51036,0.34021,0.26675,0.29041,0.21294
0.48762,0.36289,0.31681,0.29749,0.22018
0.46279,0.39554,0.36235,0.3074,0.22552
0.43626,0.4279,0.40149,0.3192,0.22818
0.40762,0.44958,0.43366,0.33059,0.22854
0.37664,0.45622,0.45908,0.33907,0.22727
0.34433,0.45033,0.47779,0.34314,0.22473
0.31231,0.43772,0.48899,0.34279,0.22105
0.28202,0.42425,0.49177,0.33865,0.21686
0.25529,0.4148,0.48689,0.33069,0.21364
0.23442,0.41231,0.47788,0.31861,0.21322
0.22094,0.41563,0.46956,0.30393,0.21659
0.21467,0.41879,0.4647,0.2907,0.22286
0.21422,0.41451,0.46204,0.28364,0.22978
0.21828,0.40063,0.45798,0.28526,0.2352
0.22644,0.38386,0.44996,0.2945,0.23824
0.23851,0.37575,0.43779,0.30688,0.23882
0.2534,0.38257,0.42214,0.31598,0.23658
0.26915,0.39872,0.40266,0.31654,0.23119
0.2843,0.4116,0.37802,0.30771,0.22371
0.29831,0.41315,0.34769,0.29353,0.2169
0.31053,0.40414,0.31321,0.27992,0.21337
0.32014,0.38742,0.27832,0.27094,0.21356
0.32734,0.36242,0.24809,0.26716,0.21565
0.33365,0.33067,0.22715,0.26663,0.21733
0.34089,0.30333,0.21792,0.2666,0.21718
0.35023,0.29606,0.21987,0.26506,0.21466
0.36186,0.31467,0.23003,0.26153,0.2094
0.375,0.34801,0.24435,0.25685,0.20101
0.38882,0.37582,0.25912,0.25237,0.18955
0.4033,0.38371,0.2719,0.24967,0.17595
0.41859,0.37293,0.28133,0.25026,0.16218
0.43401,0.35824,0.2862,0.25414,0.15077
0.44837,0.35562,0.28495,0.25797,0.14361
0.46111,0.36905,0.27653,0.25636,0.14096
0.47262,0.38815,0.26212,0.247,0.1412
0.48323,0.39872,0.24517,0.23402,0.1418
0.49245,0.39509,0.22943,0.22514,0.14093
0.49949,0.38262,0.21654,0.2251,0.13871
0.50444,0.37021,0.20581,0.23265,0.13679
0.50798,0.3615,0.19589,0.24315,0.13647
0.51024,0.35245,0.18676,0.25271,0.1375
0.51044,0.33638,0.17942,0.25927,0.13879
0.50767,0.31247,0.17391,0.26145,0.14003
0.50158,0.29004,0.1686,0.25821,0.14206
0.49274,0.28302,0.16222,0.25005,0.14581
0.48286,0.29901,0.15582,0.23949,0.15146
0.47417,0.33293,0.15198,0.22944,0.15867
0.46841,0.3698,0.15261,0.22161,0.16683
0.46621,0.39338,0.15802,0.21668,0.17469
0.4671,0.395,0.16795,0.21507,0.18029
0.47001,0.37765,0.1825,0.21705,0.18229
0.47396,0.35316,0.2019,0.2229,0.18106
0.47822,0.33485,0.22593,0.23337,0.17829
0.4821,0.33069,0.25411,0.24914,0.17532
0.48495,0.34109,0.28616,0.26917,0.17181
0.4867,0.36198,0.32143,0.28979,0.16614
0.48828,0.38918,0.35788,0.30598,0.15731
0.4906,0.41915,0.39206,0.31458,0.14652
0.49359,0.4458,0.42042,0.31764,0.1368
0.497,0.45962,0.44091,0.32154,0.13067
0.50129,0.45415,0.45366,0.33138,0.12841
0.50708,0.43404,0.46052,0.34656,0.1286
0.5144,0.41275,0.46372,0.36323,0.13017
0.52267,0.39869,0.46418,0.37919,0.13346
0.53085,0.38494,0.46077,0.3934,0.13952
0.53737,0.3563,0.45122,0.401,0.14863
0.5399,0.30774,0.4341,0.3933,0.15977
0.5357,0.25405,0.40998,0.36686,0.17126
0.52364,0.21992,0.38166,0.33183,0.18169
0.50598,0.22061,0.35357,0.30721,0.19047
0.48715,0.25246,0.33018,0.30498,0.19742
0.46981,0.30059,0.31351,0.31966,0.2023
0.45252,0.35244,0.30231,0.33422,0.20482
0.43227,0.40332,0.29446,0.33597,0.20552
0.40889,0.45156,0.28977,0.32601,0.20636
0.3861,0.49287,0.28983,0.31415,0.20963
0.3684,0.52079,0.29586,0.30717,0.21603
0.35791,0.531,0.30752,0.30397,0.22408
0.35401,0.52375,0.32376,0.30081,0.23146
0.3544,0.50263,0.344,0.29837,0.2363
0.35637,0.47196,0.36822,0.3018,0.2375
0.35778,0.43555,0.39598,0.31498,0.23479
0.35785,0.39754,0.42546,0.33561,0.22942
0.3573,0.36349,0.45308,0.35499,0.22431
0.35742,0.33837,0.47455,0.36211,0.22226
0.35809,0.32247,0.48646,0.34934,0.22355
0.35716,0.31075,0.487,0.31609,0.2257
0.35272,0.29861,0.47614,0.26728,0.22603
0.34558,0.28758,0.4555,0.20838,0.22425
0.33898,0.28363,0.42772,0.14319,0.22255
0.3359,0.28984,0.3952,0.077946,0.22343
0.33725,0.30208,0.3597,0.025296,0.22738
0.34271,0.31205,0.323,0,0.23242
0.35216,0.31461,0.28739,0.0091798,0.2356
0.3655,0.31174,0.25484,0.048435,0.23509
0.38162,0.30943,0.22646,0.10771,0.23147
0.39826,0.31134,0.20302,0.1783,0.22704
0.41304,0.31687,0.18578,0.25258,0.22374
0.42451,0.32498,0.17588,0.31925,0.22142
0.43264,0.33737,0.17257,0.36319,0.21807
0.4384,0.35604,0.1728,0.37358,0.21187
0.44261,0.37871,0.1732,0.3543,0.20297
0.44504,0.39887,0.17276,0.32581,0.19342
0.44529,0.41073,0.17331,0.31232,0.1854
0.44456,0.41387,0.17771,0.32204,0.17969
0.4455,0.41326,0.18782,0.33958,0.17544
0.45011,0.41477,0.20338,0.34168,0.1717
0.45847,0.42006,0.22195,0.32164,0.16862
0.46945,0.4253,0.23966,0.29645,0.16722
0.48192,0.425,0.25287,0.28838,0.16779
0.49494,0.41701,0.25999,0.30114,0.16931
0.50768,0.40401,0.26174,0.31618,0.17039
0.51915,0.39085,0.25987,0.31298,0.17078
0.52814,0.38141,0.25621,0.2919,0.17143
0.53355,0.37796,0.25249,0.27556,0.17268
0.53499,0.38186,0.25023,0.28682,0.17289
0.53302,0.39318,0.25031,0.32585,0.1696
0.5289,0.40905,0.25263,0.36945,0.16247
0.52381,0.42326,0.25644,0.39173,0.15461
0.51811,0.42842,0.26089,0.38392,0.15086
0.51165,0.41956,0.26542,0.35474,0.15431
0.5045,0.3965,0.26935,0.3162,0.16434
0.49648,0.36456,0.2716,0.27327,0.1776
0.48681,0.33355,0.27156,0.22677,0.19019
0.47461,0.31348,0.27059,0.18186,0.19906
0.45968,0.30877,0.27183,0.14992,0.2022
0.44265,0.31656,0.27798,0.14165,0.19904
0.42486,0.33096,0.28923,0.15896,0.19107
0.40776,0.3471,0.30391,0.19339,0.18123
0.39245,0.36116,0.32106,0.23111,0.17198
0.37986,0.37062,0.34156,0.25985,0.16383
0.37105,0.37769,0.36634,0.27305,0.15615
0.36684,0.39049,0.39445,0.27007,0.14934
0.36716,0.41666,0.42352,0.25411,0.14528
0.37139,0.45376,0.45166,0.23072,0.14531
0.37913,0.48723,0.47783,0.2085,0.14822
0.39007,0.50091,0.50081,0.19986,0.15081
0.40344,0.49111,0.51892,0.2167,0.15062
0.41827,0.46916,0.53107,0.26031,0.14786
0.43403,0.44964,0.53725,0.3155,0.14496
0.45062,0.4372,0.53747,0.35939,0.14418
0.46758,0.42533,0.53082,0.37921,0.14564
0.48314,0.40648,0.51638,0.3809,0.14756
0.4948,0.38137,0.49451,0.3797,0.14845
0.50116,0.35816,0.46698,0.38433,0.14871
0.50261,0.3435,0.43628,0.39138,0.14997
0.50037,0.33601,0.40525,0.39397,0.15317
0.49578,0.32835,0.37664,0.39267,0.15801
0.49028,0.31484,0.35213,0.3962,0.16366
0.48478,0.29693,0.33181,0.41224,0.16945
0.47882,0.2821,0.31505,0.43901,0.17483
0.47105,0.27731,0.30198,0.46484,0.17923
0.46065,0.28337,0.2941,0.47404,0.18166
0.44816,0.29564,0.29337,0.45405,0.18058
0.43474,0.30948,0.30046,0.40103,0.1752
0.42127,0.32391,0.31377,0.32264,0.16763
0.40868,0.34078,0.32992,0.23696,0.16281
0.39826,0.36217,0.34501,0.16583,0.16487
0.39099,0.38837,0.35527,0.1244,0.17403
0.38686,0.41683,0.3574,0.11401,0.18771
0.38523,0.44313,0.34936,0.12522,0.2037
0.38566,0.46414,0.33131,0.14885,0.22059
0.38856,0.48043,0.3055,0.18353,0.23645
0.39489,0.49486,0.27468,0.23088,0.24876
0.40509,0.5088,0.24101,0.28479,0.25623
0.41821,0.51947,0.20613,0.32922,0.25996
0.43217,0.52086,0.17143,0.34778,0.2624
0.44504,0.50749,0.13776,0.33395,0.26542
0.45623,0.47824,0.10578,0.29297,0.2689
0.46588,0.4376,0.076652,0.23704,0.27137
0.47341,0.39266,0.051937,0.1805,0.27188
0.47775,0.3482,0.032274,0.13781,0.27082
0.47891,0.30493,0.016942,0.12139,0.26905
0.47802,0.26307,0.0055234,0.13655,0.26703
0.47594,0.22717,0,0.17678,0.2652
0.47293,0.2062,0.0045544,0.2254,0.26426
0.46933,0.20824,0.022646,0.26417,0.26402
0.46588,0.23449,0.053988,0.28253,0.26256
0.46286,0.27818,0.094333,0.28122,0.25714
0.45961,0.32875,0.138,0.26908,0.24634
0.45529,0.37684,0.18043,0.25669,0.23112
0.45012,0.41657,0.21899,0.25227,0.21394
0.44586,0.44541,0.25251,0.26219,0.19741
0.44457,0.46401,0.28074,0.29191,0.18399
0.44715,0.47565,0.30403,0.34261,0.17601
0.45323,0.48378,0.32297,0.40592,0.17439
0.46168,0.48859,0.33825,0.464,0.1771
0.47066,0.48616,0.35072,0.49674,0.17981
0.47769,0.47116,0.36151,0.49081,0.17894
0.48033,0.44059,0.37184,0.44494,0.17438
0.47715,0.39628,0.38277,0.3701,0.16944
0.46826,0.34486,0.39528,0.2853,0.16828
0.45496,0.29491,0.41025,0.20976,0.17238
0.43875,0.25327,0.42795,0.15555,0.17918
0.42059,0.22366,0.4476,0.12619,0.18458
0.40079,0.2085,0.46731,0.12108,0.18727
0.37962,0.21066,0.48473,0.13925,0.18973
0.35782,0.23166,0.49789,0.17821,0.19409
0.3365,0.26827,0.50571,0.23012,0.19822
0.31695,0.31209,0.5076,0.28082,0.19738
0.30024,0.35367,0.50282,0.31475,0.18942
0.28693,0.38759,0.49091,0.32354,0.177
0.2772,0.41469,0.47274,0.31136,0.16428
0.27111,0.43999,0.45062,0.29133,0.15272
0.26843,0.4675,0.42695,0.27634,0.14079
0.26861,0.49481,0.40307,0.2731,0.12744
0.27127,0.51206,0.37964,0.2831,0.11461
0.27648,0.50795,0.35776,0.3052,0.1059
0.28471,0.47885,0.33899,0.33547,0.10314
0.29645,0.43301,0.3243,0.36568,0.10499
0.31133,0.38499,0.31361,0.38441,0.10832
0.32738,0.34491,0.30661,0.38176,0.11047
0.34219,0.31303,0.30328,0.3545,0.1108
0.35476,0.28481,0.30328,0.30711,0.11125
0.36594,0.26001,0.30463,0.24893,0.11511
0.37691,0.24551,0.30388,0.19161,0.12371
0.38803,0.2497,0.29798,0.14747,0.13417
0.39951,0.27558,0.2864,0.12645,0.14105
0.41272,0.31839,0.27141,0.13273,0.1408
0.42986,0.36757,0.25639,0.16436,0.13455
0.45244,0.41077,0.24393,0.21487,0.12641
0.48035,0.43848,0.23546,0.27381,0.11943
0.51246,0.44785,0.2316,0.32758,0.11385
0.54747,0.44357,0.2321,0.36335,0.10916
0.58412,0.43419,0.23562,0.37441,0.10646
0.62097,0.42594,0.24014,0.3628,0.10763
0.65638,0.41935,0.24404,0.33699,0.11276
0.68873,0.41116,0.24694,0.30718,0.11946
0.71629,0.3986,0.24966,0.2816,0.12457
0.73708,0.3808,0.25337,0.26525,0.12604
0.74927,0.35764,0.25838,0.26046,0.12371
0.75184,0.32959,0.26341,0.2675,0.11923
0.74504,0.29939,0.26642,0.28359,0.11542
0.73038,0.27263,0.26635,0.30189,0.11481
0.70981,0.25536,0.2642,0.31378,0.11816
0.68487,0.25015,0.26215,0.31422,0.12414
0.65678,0.25431,0.26188,0.30551,0.13049
0.62658,0.26251,0.26382,0.29544,0.13583
0.59509,0.27178,0.26756,0.29182,0.14098
0.56281,0.28385,0.27266,0.29813,0.1488
0.53009,0.30258,0.27889,0.31301,0.16236
0.49745,0.32911,0.286,0.33229,0.18232
0.46576,0.35929,0.29377,0.35152,0.20586
0.43602,0.38597,0.30246,0.36801,0.22858
0.40863,0.40389,0.31252,0.38148,0.24791
0.383,0.41266,0.32388,0.39287,0.26467
0.3581,0.41616,0.33578,0.40223,0.28176
0.33358,0.42027,0.34772,0.40649,0.3023
0.30997,0.43024,0.35985,0.39848,0.32877
0.28783,0.44757,0.37214,0.36974,0.36177
0.2671,0.46764,0.38397,0.31777,0.39796
0.24773,0.48139,0.39466,0.25183,0.42957
0.23068,0.48101,0.40382,0.1899,0.44814
0.2176,0.46516,0.41084,0.14812,0.45007
0.20948,0.43925,0.41451,0.13204,0.43899
0.20601,0.41085,0.41409,0.13654,0.42258
0.20652,0.38516,0.41059,0.15196,0.40685
0.21108,0.36424,0.40671,0.16984,0.39287
0.22023,0.34902,0.40545,0.18469,0.37812
0.23371,0.3409,0.40862,0.1936,0.36033
0.25024,0.34037,0.41599,0.19663,0.34029
0.26875,0.3449,0.42534,0.19791,0.32123
0.28915,0.34971,0.43326,0.20434,0.30612
0.31157,0.35153,0.43649,0.2215,0.2958
0.33529,0.3512,0.43311,0.2504,0.28896
0.3589,0.35218,0.42278,0.2879,0.2828
0.3814,0.35755,0.40611,0.32882,0.27371
0.40264,0.36885,0.38412,0.36672,0.25828
0.42247,0.3867,0.35842,0.3942,0.23477
0.43994,0.41133,0.33135,0.40495,0.20435
0.45392,0.44136,0.30541,0.39786,0.1709
0.46438,0.47184,0.28215,0.37892,0.13908
0.47266,0.49437,0.26158,0.35701,0.11176
0.48053,0.50103,0.24283,0.33663,0.089352
0.48911,0.48938,0.22571,0.31575,0.071508
0.49857,0.46352,0.21134,0.29096,0.059286
0.50817,0.42989,0.20119,0.2631,0.05468
0.5167,0.39232,0.196,0.23788,0.058103
0.52326,0.35177,0.19587,0.22226,0.067118
0.52781,0.31053,0.20085,0.22013,0.078069
0.53071,0.27515,0.21061,0.23017,0.088726
0.53194,0.25324,0.22347,0.24781,0.09917
0.53122,0.24726,0.23635,0.26971,0.11021
0.52896,0.25281,0.24613,0.2958,0.12114
0.52656,0.26434,0.25162,0.32617,0.12916
0.52544,0.28169,0.2543,0.35686,0.13121
0.52605,0.30921,0.2572,0.38011,0.12627
0.52788,0.34825,0.26305,0.38977,0.11603
0.53069,0.39192,0.2727,0.38586,0.10375
0.53487,0.4287,0.28506,0.37238,0.092727
0.54011,0.45098,0.29819,0.35148,0.084939
0.54484,0.45986,0.31062,0.32155,0.080174
0.54741,0.46201,0.32134,0.28118,0.076057
0.54701,0.46258,0.32916,0.23357,0.069685
0.54325,0.46146,0.33283,0.18657,0.060165
0.53565,0.4555,0.33216,0.14871,0.050243
0.52396,0.44292,0.32853,0.12501,0.045191
0.50873,0.42467,0.32388,0.11668,0.049197
0.4914,0.40239,0.31942,0.12397,0.062267
0.47325,0.37677,0.3154,0.14767,0.080513
0.45397,0.34876,0.31171,0.1873,0.099467
0.43219,0.32189,0.30859,0.23851,0.11717
0.40777,0.30198,0.30698,0.29284,0.13417
0.3831,0.29384,0.30794,0.34016,0.1509
0.36137,0.29828,0.31146,0.37265,0.16566
0.34433,0.31296,0.31611,0.38735,0.1752
0.3319,0.33548,0.32011,0.38513,0.17697
0.32303,0.36461,0.32248,0.36842,0.17086
0.31689,0.39832,0.32334,0.34125,0.15954
0.31349,0.432,0.3234,0.31063,0.1474
0.31333,0.45962,0.32282,0.28414,0.13843
0.31658,0.47676,0.32039,0.26398,0.13396
0.32294,0.48219,0.31455,0.2445,0.13217
0.3318,0.47723,0.30499,0.21796,0.13045
0.34231,0.46448,0.29292,0.18365,0.12847
0.35386,0.4472,0.27984,0.15078,0.12858
0.36662,0.42834,0.26672,0.13256,0.13313
0.38079,0.40905,0.25421,0.1376,0.14209
0.39583,0.38822,0.24284,0.16585,0.15347
0.41088,0.36436,0.23262,0.21071,0.16537
0.4256,0.33799,0.22275,0.26327,0.17686
0.43993,0.31209,0.21213,0.31446,0.18727
0.45365,0.2902,0.20058,0.35523,0.19543
0.46633,0.27441,0.18958,0.37804,0.20042
0.47719,0.26474,0.18165,0.38012,0.20274
0.48526,0.25994,0.17888,0.36473,0.2043
0.48988,0.25889,0.18205,0.33879,0.20726
0.49095,0.26133,0.19107,0.3106,0.21319
0.48881,0.26766,0.20574,0.28931,0.22316
0.4841,0.27848,0.22573,0.28281,0.23775
0.47756,0.29447,0.25018,0.29273,0.25665
0.46992,0.31603,0.27754,0.31192,0.2781
0.46174,0.34271,0.30614,0.32884,0.2994
0.45341,0.37243,0.33439,0.3349,0.3183
0.44488,0.40078,0.36081,0.32814,0.33436
0.43607,0.42141,0.3844,0.31155,0.34866
0.42756,0.42878,0.40568,0.29016,0.36252
0.42043,0.42206,0.42669,0.26957,0.37657
0.415,0.40628,0.4493,0.2547,0.39111
0.4105,0.38911,0.47319,0.24795,0.40638
0.40625,0.37659,0.49564,0.24849,0.42177
0.40243,0.37118,0.51316,0.25395,0.43495
0.39952,0.37203,0.52352,0.26212,0.44272
0.39718,0.37625,0.5264,0.27116,0.44315
0.39437,0.38048,0.5229,0.27923,0.43667
0.39034,0.38255,0.51464,0.28485,0.42491
0.38526,0.38255,0.50291,0.28747,0.40865
0.38007,0.38193,0.48813,0.28742,0.38712
0.37583,0.38182,0.46992,0.28561,0.35937
0.37321,0.38226,0.44801,0.28346,0.32612
0.37252,0.38263,0.42291,0.28239,0.28984
0.37428,0.38226,0.39549,0.28274,0.25281
0.37952,0.38138,0.36605,0.28304,0.21561
0.38927,0.38203,0.33438,0.28056,0.17776
0.40358,0.38746,0.30091,0.27355,0.13969
0.42171,0.39977,0.26731,0.26325,0.10348
0.443,0.41797,0.23588,0.25366,0.071535
0.46723,0.43847,0.20827,0.24945,0.045133
0.49392,0.45689,0.18478,0.25403,0.024432
0.52181,0.46957,0.16486,0.26842,0.0096049
0.54899,0.474,0.14808,0.29052,0.0013695
0.5734,0.46889,0.1352,0.31525,0
0.59354,0.45438,0.1283,0.3364,0.0040014
0.60878,0.43218,0.12942,0.3489,0.010153
0.61888,0.40521,0.13866,0.35054,0.014994
0.62359,0.37702,0.15384,0.34276,0.016343
0.62276,0.35166,0.17194,0.3307,0.013956
0.61657,0.33323,0.19046,0.321,0.0093998
0.60513,0.32412,0.20756,0.31745,0.0052338
0.58877,0.32343,0.22203,0.31784,0.0037125
0.56875,0.32756,0.23353,0.31596,0.0060568
0.54707,0.33286,0.2427,0.3072,0.012925
0.52514,0.3377,0.25046,0.292,0.025104
0.50281,0.34207,0.25732,0.27412,0.043208
0.47907,0.346,0.2633,0.25657,0.066721
0.45404,0.34902,0.26864,0.24011,0.093716
0.42941,0.35099,0.27394,0.2253,0.12185
0.4068,0.35321,0.27948,0.21509,0.14958
0.38662,0.35832,0.28467,0.21427,0.17579
0.36873,0.36836,0.28897,0.22605,0.19831
0.35326,0.38243,0.29317,0.24936,0.21359
0.34045,0.3961,0.29899,0.2792,0.21882
0.33012,0.40344,0.30736,0.30899,0.21427
0.32174,0.40026,0.31759,0.33287,0.20333
0.31528,0.38648,0.3282,0.34722,0.19052
0.31143,0.36664,0.33794,0.3511,0.17985
0.31062,0.34805,0.34567,0.34552,0.17441
0.31231,0.33765,0.35043,0.33271,0.17604
0.31585,0.33882,0.35224,0.31634,0.18467
0.32125,0.35055,0.3529,0.30145,0.19862
0.32887,0.36871,0.35498,0.2925,0.2158
0.33843,0.38857,0.35981,0.29027,0.2348
0.34897,0.40631,0.36646,0.29046,0.25462
0.35976,0.41911,0.37248,0.28609,0.27339
0.37116,0.42453,0.37544,0.27285,0.28826
0.38398,0.42111,0.37402,0.253,0.29683
0.39815,0.40987,0.36818,0.23411,0.29872
0.41236,0.39421,0.35893,0.22459,0.2956
0.42513,0.3774,0.34783,0.22985,0.28963
0.43577,0.36101,0.33648,0.25035,0.28181
0.44425,0.34622,0.32602,0.28084,0.27165
0.45097,0.33606,0.31719,0.31155,0.25859
0.45682,0.33497,0.31058,0.33179,0.24342
0.4627,0.34544,0.30673,0.33502,0.22793
0.46882,0.36512,0.30621,0.32235,0.21349
0.47476,0.38753,0.30945,0.30159,0.20006
0.47999,0.40611,0.31669,0.28196,0.18658
0.48404,0.41761,0.32776,0.26839,0.17212
0.48669,0.42203,0.34192,0.26017,0.15657
0.48813,0.42052,0.35774,0.25441,0.14056
0.48903,0.41402,0.3735,0.2501,0.12505
0.49025,0.40336,0.38805,0.24862,0.1114
0.49233,0.38955,0.40106,0.25111,0.10155
0.49488,0.37379,0.41241,0.25609,0.097428
0.49652,0.35759,0.42127,0.25994,0.099952
0.49558,0.34313,0.4261,0.25974,0.10829
0.49109,0.3326,0.4255,0.25585,0.12021
0.48321,0.32685,0.419,0.25156,0.13312
0.47254,0.32503,0.40721,0.24996,0.14514
0.45944,0.3255,0.39107,0.25174,0.1556
0.44418,0.32721,0.37109,0.25562,0.16502
0.4276,0.33025,0.34737,0.26008,0.1744
0.41113,0.33504,0.32049,0.26425,0.18405
0.3963,0.34091,0.29165,0.26746,0.19302
0.3843,0.34572,0.2622,0.26885,0.19964
0.37582,0.3475,0.23365,0.26776,0.20255
0.37134,0.34649,0.2081,0.26396,0.20133
0.37124,0.34538,0.18784,0.25771,0.19672
0.37537,0.34683,0.17378,0.25034,0.19066
0.38284,0.35082,0.16494,0.24526,0.186
0.3927,0.35471,0.15991,0.24704,0.18573
0.40464,0.35584,0.15808,0.25806,0.19188
0.41877,0.35362,0.15898,0.27617,0.20456
0.4351,0.34934,0.1613,0.29616,0.22168
0.45322,0.34478,0.1641,0.3134,0.23978
0.47231,0.3418,0.16821,0.32565,0.25542
0.4911,0.34268,0.17527,0.33206,0.26637
0.50813,0.34972,0.18563,0.33176,0.27204
0.52229,0.36382,0.1981,0.32453,0.27303
0.53306,0.38342,0.2117,0.31264,0.27024
0.53981,0.40477,0.22699,0.30039,0.26422
0.54146,0.42352,0.24532,0.2912,0.25528
0.53697,0.43668,0.26717,0.28573,0.24418
0.52631,0.44287,0.29156,0.28334,0.23255
0.51064,0.44105,0.31684,0.28438,0.22277
0.49147,0.4298,0.34179,0.28984,0.21698
0.46988,0.40942,0.36549,0.29914,0.21602
0.44685,0.38457,0.38669,0.3101,0.21926
0.42356,0.36319,0.40429,0.32112,0.22552
0.40082,0.3514,0.41819,0.33232,0.23375
0.37894,0.34942,0.42937,0.34381,0.24261
0.35848,0.35291,0.43908,0.35348,0.24986
0.34083,0.35782,0.4479,0.35743,0.25274
0.32715,0.3633,0.45571,0.35268,0.2493
0.31711,0.37057,0.46197,0.33984,0.23957
0.30936,0.38002,0.46601,0.32374,0.22528
0.30329,0.38974,0.46703,0.3116,0.20884
0.29985,0.39653,0.46413,0.3093,0.19245
0.30035,0.39824,0.45667,0.31778,0.1777
0.30478,0.39516,0.44488,0.33208,0.16536
0.31211,0.38924,0.43012,0.34407,0.15533
0.32194,0.38241,0.41421,0.34733,0.14679
0.33493,0.37597,0.39817,0.34124,0.13868
0.35158,0.37105,0.38162,0.33079,0.13037
0.37151,0.36899,0.36338,0.32183,0.12206
0.39379,0.37094,0.34263,0.31561,0.11459
0.41736,0.37754,0.31937,0.30783,0.10896
0.441,0.38869,0.29414,0.29284,0.10597
0.46369,0.40349,0.26766,0.2687,0.1066
0.48481,0.4202,0.24103,0.23868,0.11212
0.50421,0.43639,0.21619,0.20891,0.12348
0.52204,0.44943,0.19606,0.18515,0.14013
0.5384,0.45672,0.18339,0.17073,0.15977
0.55297,0.45615,0.17905,0.16562,0.17933
0.5651,0.44665,0.18161,0.16706,0.19625
0.57436,0.42887,0.18912,0.17175,0.2091
0.58057,0.40539,0.20092,0.1787,0.21768
0.5836,0.37982,0.21747,0.18972,0.22269
0.5834,0.35552,0.23866,0.20747,0.22527
0.58007,0.33514,0.26302,0.23276,0.22653
0.57384,0.32098,0.28839,0.26319,0.22716
0.56527,0.31511,0.31308,0.29406,0.22729
0.55498,0.31834,0.33613,0.32011,0.22676
0.54303,0.32913,0.35707,0.33688,0.22546
0.52911,0.34393,0.37554,0.34151,0.22322
0.51323,0.35912,0.39108,0.33391,0.21927
0.49592,0.3724,0.40315,0.31726,0.21223
0.47803,0.38236,0.41116,0.29623,0.20082
0.46038,0.38781,0.41464,0.27428,0.18476
0.44323,0.38832,0.41368,0.25285,0.16482
0.42618,0.38467,0.40888,0.23288,0.14231
0.40901,0.37758,0.40061,0.21631,0.11838
0.39221,0.36671,0.38832,0.20578,0.093784
0.3766,0.35181,0.37121,0.20339,0.069202
0.36275,0.33483,0.34921,0.20987,0.045966
0.351,0.3197,0.32331,0.22418,0.026325
0.34163,0.3094,0.29499,0.24332,0.012654
0.33472,0.30378,0.26571,0.26282,0.006021
0.3303,0.30071,0.23669,0.27839,0.0055866
0.32856,0.29939,0.20909,0.28811,0.009615
0.32942,0.30194,0.18395,0.29304,0.016995
0.33223,0.31151,0.16198,0.29592,0.02762
0.33635,0.32837,0.14362,0.2989,0.041691
0.34173,0.34821,0.12927,0.30224,0.059238
0.34858,0.36452,0.1194,0.30466,0.08027
0.35669,0.37351,0.11449,0.30454,0.10491
0.36583,0.37683,0.11482,0.30109,0.13305
0.37646,0.37941,0.12016,0.29498,0.16388
0.3892,0.38465,0.12956,0.28789,0.19552
0.40352,0.39218,0.14177,0.28168,0.22534
0.41777,0.39982,0.15581,0.27772,0.25074
0.43054,0.40662,0.17138,0.27645,0.27015
0.44201,0.41334,0.18891,0.2772,0.28333
0.4536,0.42043,0.20925,0.27832,0.29101
0.46612,0.4264,0.23295,0.27761,0.29411
0.47879,0.42835,0.25939,0.27331,0.29353
0.48993,0.42407,0.28679,0.26584,0.29015
0.49832,0.41372,0.31298,0.25914,0.28495
0.50351,0.39992,0.33596,0.25916,0.27904
0.50551,0.3862,0.35414,0.27,0.2735
0.5045,0.37538,0.36649,0.29088,0.26894
0.50078,0.36881,0.3729,0.31637,0.26563
0.49469,0.36655,0.37437,0.33922,0.26415
0.48686,0.36789,0.37266,0.354,0.26559
0.47815,0.37207,0.36946,0.35939,0.27082
0.46945,0.37866,0.36589,0.35781,0.27949
0.46152,0.3877,0.36276,0.35283,0.28992
0.4549,0.39913,0.36086,0.34644,0.29988
0.44954,0.41158,0.36104,0.33851,0.30762
0.44493,0.4221,0.3639,0.32849,0.31222
0.44091,0.42756,0.36963,0.31738,0.31352
0.43804,0.42665,0.37809,0.30795,0.31173
0.43688,0.42074,0.38876,0.3031,0.30712
0.43735,0.41293,0.40045,0.30375,0.29989
0.43879,0.40594,0.41166,0.30793,0.2901
0.44051,0.40082,0.42136,0.31186,0.27782
0.44213,0.39724,0.42934,0.31207,0.26317
0.4431,0.39456,0.4356,0.30654,0.24646
0.44276,0.39242,0.43966,0.2947,0.22815
0.44125,0.39085,0.44085,0.27745,0.20896
0.43978,0.38997,0.43907,0.25775,0.18993
0.43918,0.38932,0.43483,0.24067,0.17259
0.43904,0.38702,0.42853,0.23179,0.15873
0.43862,0.38015,0.41989,0.23438,0.14988
0.4378,0.36663,0.4082,0.24736,0.14686
0.43702,0.34698,0.39307,0.26607,0.14964
0.43695,0.32444,0.37467,0.2851,0.15736
0.43825,0.30331,0.35327,0.30068,0.16826
0.4413,0.28686,0.32889,0.31117,0.17978
0.44604,0.27647,0.30185,0.31588,0.1891
0.4515,0.27197,0.27353,0.31372,0.19418
0.45606,0.27262,0.24629,0.30291,0.19467
0.45871,0.27772,0.2226,0.28271,0.19196
0.45942,0.28681,0.20424,0.25589,0.18821
0.4582,0.29938,0.19215,0.22928,0.18511
0.45473,0.31472,0.18688,0.211,0.18314
0.44863,0.33207,0.18874,0.20632,0.1819
0.44019,0.351,0.19749,0.21524,0.18071
0.43072,0.37115,0.21216,0.23327,0.17866
0.42168,0.39151,0.23133,0.25428,0.17447
0.41365,0.40985,0.25366,0.27311,0.16675
0.40672,0.42303,0.27795,0.28703,0.15463
0.40111,0.42843,0.30303,0.29597,0.13831
0.39716,0.42576,0.32768,0.30171,0.11905
0.39517,0.41788,0.35059,0.30611,0.098744
0.39507,0.40959,0.37075,0.30952,0.079354
0.39627,0.40499,0.38781,0.31066,0.062576
0.39824,0.40534,0.40199,0.30807,0.049606
0.40118,0.40916,0.41351,0.30129,0.041093
0.40554,0.41374,0.42209,0.29114,0.037066
0.41117,0.41641,0.42695,0.27898,0.036921
0.41739,0.41529,0.42717,0.26612,0.039818
0.42356,0.40968,0.42227,0.25403,0.045258
0.42902,0.40022,0.41253,0.24453,0.053107
0.4329,0.38888,0.39888,0.23929,0.063256
0.43441,0.37839,0.38239,0.23908,0.075667
0.43347,0.37093,0.36387,0.24359,0.090746
0.43084,0.36713,0.34418,0.25167,0.10937
0.42753,0.36634,0.32442,0.26147,0.13237
0.42414,0.36763,0.30566,0.27039,0.15985
0.42105,0.37008,0.28874,0.27557,0.19074
0.41898,0.37262,0.27457,0.27523,0.22271
0.41895,0.37429,0.26425,0.26994,0.25277
0.42141,0.37497,0.25845,0.26241,0.27803
0.42599,0.37556,0.25686,0.25598,0.29625
0.43197,0.37748,0.25852,0.25327,0.30612
0.43886,0.38205,0.26222,0.25569,0.30762
0.44641,0.39006,0.26667,0.26299,0.30225
0.45448,0.40126,0.27065,0.27295,0.29244
0.46283,0.414,0.27343,0.28162,0.28068
0.47107,0.42569,0.2749,0.28489,0.2689
0.47893,0.43424,0.27521,0.2807,0.25843
0.48639,0.43918,0.2745,0.2704,0.25007
0.4936,0.44141,0.27301,0.25821,0.24391
0.50067,0.44173,0.27117,0.24922,0.23931
0.50753,0.43954,0.26915,0.2473,0.23537
0.51379,0.43332,0.26684,0.25351,0.23159
0.51889,0.42252,0.26426,0.26545,0.22797
0.52242,0.40848,0.26189,0.27842,0.22456
0.5241,0.39365,0.26028,0.28823,0.22082
0.52342,0.3802,0.25956,0.29349,0.21551
0.51969,0.36924,0.25937,0.29505,0.207
0.51232,0.36069,0.25939,0.29397,0.19393
0.50101,0.35396,0.25962,0.29049,0.17621
0.48596,0.34849,0.2603,0.28502,0.15535
0.46788,0.34334,0.26138,0.27927,0.13392
0.44784,0.33651,0.26261,0.2758,0.11456
0.42669,0.3262,0.26378,0.27631,0.099351
0.40478,0.31293,0.26505,0.2805,0.089689
0.38225,0.29975,0.26701,0.28665,0.086204
0.35972,0.29017,0.27015,0.29345,0.08866
0.3386,0.28589,0.27444,0.30128,0.096197
0.32071,0.28633,0.27973,0.31169,0.10769
0.30738,0.28966,0.28636,0.32519,0.12185
0.29915,0.29458,0.29487,0.33982,0.13715
0.29614,0.30127,0.30504,0.35193,0.15198
0.29839,0.31072,0.31542,0.35837,0.16497
0.3057,0.323,0.32428,0.35809,0.17523
0.3173,0.33644,0.33094,0.35222,0.18266
0.33202,0.34854,0.33605,0.34308,0.18805
0.3486,0.35738,0.34041,0.33294,0.19295
0.36607,0.36249,0.34389,0.32298,0.199
0.38399,0.36481,0.34562,0.31313,0.20705
0.40214,0.36593,0.34506,0.30266,0.21674
0.41972,0.36688,0.34229,0.29139,0.22668
0.43546,0.36742,0.33746,0.28019,0.23514
0.44857,0.36669,0.33049,0.27053,0.24053
0.45918,0.3646,0.32158,0.26376,0.24163
0.46762,0.36226,0.31169,0.26087,0.23789
0.47411,0.361,0.302,0.26246,0.22996
0.47911,0.36147,0.29313,0.26826,0.21973
0.48313,0.36379,0.28531,0.2765,0.20948
0.48631,0.36829,0.27892,0.28457,0.20067
0.48844,0.37576,0.27443,0.29082,0.19325
0.48934,0.38687,0.27197,0.29607,0.18621
0.48915,0.40093,0.27137,0.30285,0.17866
0.48822,0.41514,0.27254,0.31317,0.17066
0.48665,0.42568,0.27538,0.32669,0.16294
0.48405,0.43002,0.27929,0.34089,0.15634
0.47962,0.4281,0.28319,0.35271,0.15172
0.47265,0.42138,0.28615,0.35958,0.15027
0.46283,0.41147,0.28778,0.3594,0.1533
0.45031,0.3997,0.28812,0.35028,0.16158
0.43516,0.38761,0.28714,0.33155,0.17473
0.41737,0.37735,0.28463,0.305,0.19119
0.39868,0.37118,0.2807,0.27478,0.20889
0.38438,0.36972,0.27625,0.24604,0.22595
0.38041,0.37082,0.27262,0.22332,0.241
0.3868,0.37115,0.27078,0.20943,0.25319
0.39686,0.36922,0.27097,0.20496,0.26202
0.40413,0.36692,0.27293,0.20854,0.26736
0.40628,0.36771,0.276,0.21736,0.2694
0.4062,0.37357,0.27936,0.22828,0.2686
0.41707,0.38344,0.28248,0.23915,0.26539
0.45482,0.39419,0.28595,0.24933,0.25997
0.51253,0.40281,0.29158,0.25898,0.25214
0.55816,0.40781,0.30093,0.26843,0.24127
0.5698,0.40936,0.31355,0.27788,0.22644
0.55669,0.40867,0.32714,0.28719,0.20686
0.54182,0.40707,0.33952,0.29544,0.18258
0.53761,0.40513,0.35022,0.30123,0.15482
0.53575,0.40252,0.36002,0.30367,0.12592
0.51871,0.39873,0.36964,0.30346,0.098813
0.48833,0.3938,0.37912,0.30287,0.076332
0.46917,0.38858,0.38809,0.30423,0.060606
0.47393,0.38441,0.39628,0.30815,0.052901
0.4861,0.38286,0.40381,0.31271,0.053819
0.48468,0.38511,0.41094,0.31459,0.063366
0.46933,0.39106,0.41757,0.31142,0.080584
0.45598,0.39889,0.42287,0.30364,0.10332
0.45619,0.40568,0.42572,0.29431,0.12878
0.46517,0.40902,0.42553,0.28664,0.15448
0.47005,0.40828,0.42229,0.28174,0.17863
0.46749,0.40434,0.41621,0.27885,0.19995
0.46627,0.39821,0.40736,0.27737,0.21755
0.47095,0.39003,0.39578,0.27797,0.23146
0.47418,0.3794,0.38178,0.28164,0.24288
0.47081,0.36663,0.36604,0.28819,0.25356
0.4664,0.35327,0.34959,0.29589,0.26446
0.46611,0.34137,0.33339,0.30211,0.27519
0.46708,0.33253,0.31818,0.3043,0.28429
0.46399,0.32763,0.30455,0.30103,0.29003
0.45383,0.32711,0.29276,0.29269,0.29118
0.43689,0.3312,0.28251,0.28154,0.2875
0.41795,0.33976,0.27295,0.27061,0.2798
0.40386,0.35205,0.26333,0.26254,0.26954
0.39763,0.36664,0.25365,0.25884,0.25812
0.39578,0.38115,0.24468,0.25916,0.24653
0.3917,0.39241,0.23748,0.26113,0.23515
0.38254,0.39764,0.2331,0.26157,0.22377
0.37329,0.39612,0.23234,0.25862,0.21172
0.37155,0.38961,0.23535,0.25316,0.19833
0.37713,0.38103,0.24154,0.24806,0.18363
0.38075,0.37248,0.25034,0.24622,0.16854
0.37478,0.36426,0.26187,0.24893,0.15436
0.36297,0.35588,0.27652,0.25557,0.14224
0.35702,0.3478,0.29396,0.26443,0.1332
0.36273,0.34189,0.31264,0.2735,0.12854
0.37192,0.34014,0.33043,0.28113,0.12976
0.37298,0.34327,0.3455,0.28623,0.13771
0.36728,0.35055,0.35674,0.28833,0.15169
0.367,0.36018,0.36359,0.28768,0.16921
0.37787,0.36982,0.36579,0.28532,0.18683
0.39222,0.37722,0.36361,0.28218,0.20127
0.40035,0.3813,0.35798,0.278,0.21031
0.40294,0.3826,0.35018,0.27141,0.21317
0.40732,0.3829,0.34114,0.26146,0.21025
0.41511,0.38407,0.33113,0.24893,0.20282
0.42032,0.38715,0.32028,0.23621,0.19261
0.41968,0.39197,0.30935,0.22613,0.18133
0.41844,0.39729,0.2996,0.22075,0.1704
0.42288,0.40138,0.29169,0.22078,0.16061
0.43083,0.40291,0.28508,0.2258,0.15193
0.43483,0.40162,0.2788,0.23498,0.14364
0.43303,0.39807,0.27245,0.24764,0.13514
0.43101,0.39289,0.26607,0.26287,0.12681
0.43195,0.38617,0.25959,0.27873,0.1202
0.43127,0.37777,0.2527,0.29228,0.11727
0.42422,0.36786,0.24546,0.30055,0.1192
0.41314,0.35712,0.2385,0.3016,0.12567
0.40363,0.34656,0.23253,0.29512,0.13527
0.39865,0.33724,0.22784,0.28229,0.14647
0.39833,0.33016,0.2245,0.26548,0.15826
0.40122,0.32611,0.22286,0.24818,0.17025
0.40581,0.32529,0.22343,0.23418,0.18236
0.41226,0.32722,0.22626,0.22573,0.19461
0.4209,0.33139,0.23093,0.22225,0.20696
0.43116,0.33779,0.23713,0.22115,0.21939
0.44384,0.34645,0.24491,0.22008,0.23185
0.45966,0.35641,0.25442,0.21844,0.24406
0.47443,0.36556,0.2653,0.21737,0.2553
0.48215,0.37176,0.2768,0.21892,0.26431
0.48406,0.37424,0.28827,0.22524,0.2697
0.48885,0.37393,0.29973,0.23797,0.2704
0.50154,0.37253,0.31176,0.25737,0.26595
0.51671,0.37165,0.3249,0.28165,0.25664
0.52576,0.37237,0.33902,0.30715,0.24363
0.52698,0.37531,0.35348,0.32971,0.22842
0.52549,0.38075,0.36771,0.34663,0.21222
0.52693,0.38848,0.38165,0.35786,0.19571
0.53234,0.39761,0.39532,0.36537,0.17923
0.53729,0.40667,0.4082,0.37113,0.16301
0.53722,0.4144,0.41932,0.37564,0.14743
0.53281,0.42057,0.428,0.37815,0.13301
0.52718,0.42553,0.4341,0.37781,0.12027
0.52064,0.42888,0.43735,0.37431,0.10965
0.51147,0.42867,0.43702,0.36812,0.10139
0.49964,0.42268,0.43251,0.36042,0.095408
0.48688,0.41057,0.4242,0.35292,0.091257
0.47432,0.39471,0.41316,0.34732,0.088521
0.46128,0.37874,0.40042,0.34438,0.087266
0.44638,0.36536,0.38665,0.3434,0.088046
0.42931,0.35515,0.37249,0.34265,0.091508
0.41104,0.34729,0.35869,0.34032,0.098062
0.39302,0.34099,0.34603,0.33487,0.10775
0.37669,0.33617,0.33516,0.32524,0.12015
0.36384,0.33316,0.32685,0.31156,0.13431
0.35569,0.33217,0.32174,0.29569,0.14887
0.35052,0.33295,0.31934,0.28039,0.16244
0.34429,0.33473,0.31768,0.26782,0.17391
0.33615,0.33675,0.31445,0.25866,0.18272
0.33109,0.33881,0.30817,0.25263,0.18903
0.33349,0.34139,0.29856,0.24932,0.19372
0.34103,0.345,0.28611,0.24836,0.1979
0.34843,0.3496,0.27178,0.24912,0.20215
0.35394,0.35481,0.25677,0.25072,0.20633
0.35982,0.3603,0.2421,0.25262,0.20998
0.3685,0.36598,0.22805,0.25491,0.21304
0.3797,0.37191,0.21417,0.25792,0.21619
0.39142,0.3781,0.20027,0.26151,0.22051
0.40298,0.384,0.1873,0.26499,0.22702
0.41508,0.3884,0.1772,0.26788,0.23604
0.42719,0.39024,0.17172,0.27034,0.24692
0.43711,0.38946,0.17155,0.27268,0.25814
0.44395,0.38687,0.17606,0.27474,0.268
0.44936,0.38314,0.18391,0.27614,0.27502
0.45508,0.37855,0.19406,0.27705,0.27811
0.46113,0.37373,0.20631,0.2782,0.2767
0.46731,0.3702,0.22069,0.28027,0.27077
0.47389,0.36979,0.23649,0.28315,0.26104
0.47968,0.3735,0.25244,0.2858,0.24892
0.48172,0.38085,0.26756,0.28653,0.23632
0.47792,0.39006,0.28177,0.28374,0.22519
0.46872,0.39908,0.29574,0.27687,0.21713
0.45671,0.40681,0.3103,0.26699,0.21289
0.44517,0.41329,0.32589,0.25675,0.21202
0.43611,0.4187,0.34224,0.24902,0.21273
0.42971,0.42244,0.35837,0.24516,0.21255
0.42627,0.42342,0.37301,0.24458,0.20934
0.42715,0.42091,0.38488,0.24585,0.20204
0.43223,0.41536,0.3929,0.24824,0.19083
0.43841,0.40833,0.39692,0.25215,0.17697
0.44246,0.40143,0.39879,0.25836,0.16256
0.4442,0.39529,0.40205,0.2672,0.15011
0.4455,0.38955,0.40935,0.27819,0.14182
0.4476,0.38383,0.41963,0.28999,0.13888
0.45072,0.37813,0.42847,0.30047,0.1411
0.45471,0.37254,0.43188,0.30721,0.14728
0.45879,0.36685,0.42979,0.30838,0.15575
0.46153,0.36053,0.42517,0.30367,0.16496
0.4622,0.3531,0.42009,0.29432,0.17372
0.46154,0.34468,0.4142,0.28254,0.18124
0.46049,0.33654,0.40632,0.27065,0.18708
0.45859,0.33084,0.39626,0.26057,0.19123
0.45435,0.32953,0.38495,0.25365,0.19418
0.44764,0.33296,0.3733,0.25078,0.19668
0.44081,0.33939,0.36115,0.25256,0.19933
0.43676,0.34589,0.34755,0.25922,0.2024
0.43694,0.35018,0.33169,0.27024,0.20599
0.4418,0.35195,0.31309,0.28387,0.21021
0.4508,0.35271,0.29162,0.29738,0.21502
0.46142,0.35416,0.26791,0.30802,0.21998
0.47002,0.35677,0.24344,0.31427,0.22434
0.47417,0.35972,0.22017,0.3166,0.22748
0.47425,0.36189,0.19956,0.31677,0.22897
0.47392,0.36284,0.1817,0.31626,0.22847
0.47801,0.36299,0.16559,0.3154,0.22566
0.48768,0.36298,0.15074,0.31363,0.22041
0.49814,0.36341,0.13803,0.31017,0.21305
0.50262,0.36504,0.12897,0.30433,0.20439
0.49921,0.36879,0.12501,0.29594,0.19548
0.49187,0.37511,0.1273,0.2858,0.18695
0.48372,0.38363,0.13594,0.27627,0.17869
0.47313,0.39406,0.15009,0.27084,0.17013
0.45881,0.40664,0.16889,0.27246,0.16103
0.4444,0.4212,0.19148,0.28139,0.15197
0.43466,0.43579,0.2162,0.29463,0.14385
0.42944,0.44693,0.24109,0.3075,0.13707
0.4247,0.45181,0.26539,0.31627,0.13131
0.41854,0.45043,0.28942,0.31966,0.12613
0.41313,0.44529,0.31315,0.31892,0.12134
0.41126,0.43902,0.3354,0.31684,0.11693
0.41366,0.43217,0.35489,0.31626,0.11269
0.41826,0.42323,0.37117,0.3187,0.1084
0.42102,0.41082,0.38437,0.32359,0.10425
0.4198,0.39578,0.39439,0.32855,0.10099
0.41658,0.38113,0.40103,0.33059,0.0997
0.41438,0.3699,0.40467,0.32762,0.10125
0.41493,0.36306,0.40666,0.31923,0.10596
0.41896,0.35998,0.40802,0.30672,0.11375
0.42498,0.3601,0.40781,0.29244,0.12435
0.42881,0.3634,0.40408,0.27905,0.13749
0.42735,0.36912,0.39721,0.26884,0.15257
0.42213,0.37508,0.39087,0.26327,0.1685
0.41743,0.379,0.38822,0.26251,0.1841
0.41578,0.38035,0.38838,0.26533,0.1986
0.41675,0.38066,0.38755,0.26937,0.21173
0.41892,0.38186,0.38281,0.27211,0.22329
0.42182,0.38467,0.37383,0.27214,0.23281
0.42604,0.38844,0.3621,0.26991,0.2398
0.43191,0.39193,0.34922,0.2673,0.24407
0.43806,0.394,0.33581,0.26648,0.24594
0.44175,0.39393,0.32155,0.26898,0.24598
0.4417,0.39186,0.30581,0.27523,0.24488
0.44046,0.38877,0.28854,0.28415,0.2431
0.44089,0.38568,0.27099,0.2934,0.24092
0.44054,0.38269,0.25578,0.30035,0.23838
0.43489,0.37932,0.24541,0.30342,0.23539
0.425,0.37582,0.24048,0.30268,0.23157
0.41636,0.37377,0.23962,0.29935,0.22629
0.41127,0.37471,0.24147,0.29467,0.21882
0.40755,0.37835,0.24586,0.28918,0.20873
0.40379,0.38234,0.25271,0.28279,0.19637
0.40135,0.38373,0.26108,0.27524,0.18294
0.40088,0.38073,0.27002,0.26669,0.17007
0.39997,0.37323,0.27947,0.25789,0.15937
0.39598,0.36217,0.28924,0.24987,0.15206
0.38998,0.34878,0.29779,0.24318,0.14879
0.38654,0.33438,0.30329,0.23738,0.14949
0.38957,0.32041,0.30599,0.23129,0.15364
0.39895,0.30852,0.30826,0.22391,0.16058
0.41152,0.30045,0.31175,0.21546,0.16957
0.42424,0.29743,0.31552,0.20784,0.17967
0.43526,0.29958,0.31705,0.20386,0.1896
0.44373,0.30574,0.31497,0.20575,0.19811
0.45009,0.31412,0.31002,0.21404,0.20431
0.4562,0.32315,0.30372,0.22741,0.20792
0.46402,0.33193,0.29706,0.24325,0.20909
0.47376,0.34013,0.29064,0.2584,0.2082
0.4828,0.34755,0.28517,0.27024,0.20569
0.48792,0.35402,0.28075,0.27763,0.20198
0.48961,0.35985,0.27661,0.28119,0.19725
0.49145,0.36618,0.2726,0.28253,0.19146
0.49449,0.3746,0.27057,0.28319,0.18453
